Rank,PlayerId,Name,Address
1,45D098EF6DD1989B,RcokyVN,0x177664448914228c80cec95064f5f8a945ed86ab
2,A2871F5A1C40EB39,VNZ,0x2df2aa2165d76ef0c3d3955ccab95e2f8832f2c5
3,30B970B29961586E,Mr_T�ng89,0x71016beda2d0e1f559bf7663c848a9c0626df8d2
4,493D999AAE2EF0D3,100th.Kutoii,0x94ed2b9f5eb17a15623b1b67faf19aac27686621
5,6C6DA58FD95205B6,newbie268,0xdb6bf20bfa070abe995988e46c1ee630f7ea262b
6,A6EA930A4FD53094,V�__i1,0x6864708d6294832539942779f524aeb1ba89bdee
7,907A12E52060AD5C,Namcao,0xda070e4b5e4b60b7814852df4ba8bb08c445bffd
8,40D06B8AE40A78F8,Raygeki3,0xeda728f316140fb4f4ec7c077ee6eb2f973c20c1
9,D7582EA4ED7A2E71,Yutake,0xc84cc1a8cfe65a331c097d7831d9fbb3df74ec74
10,6A8E9E73BE83D8DA,Jonec0,0x6273e07bbf88390cf5c48d0a5172e543ba57c2a9
11,21D981EBB1ED9108,Newton,0x55ab3a72b6102884fe3ccc808e6ddbc1954c74d4
12,50D5105F987A9E85,Darion,0x4552f6a91bddec738526edfca59a9b070ca500e7
13,12E2D7A4978A8D77,B_oHN,0x2386e95cb878c742124524ad49a7e61e429d0e2b
14,1A5006FBE473C1EB,ThinhTB,0x74e75bf7fa589f593cc0c3e17de3ffedfbad7ca6
15,CF3910C787F84457,Lightnjng,0x0392a545fad4e19c0d408949f11a7c2d09d65b63
16,E00C2E2E0BD1E736,Who,0xe83e565f5532755fc016c079d7238eeb7109d602
17,653F1CD781624580,AlexanderT�o,0x8f5bf8fafdb986666a3eded388dd98abf89efe4d
18,6F5BD222E16963A8,QUOCTUAN07,0x5ba386275b5b3cf43358776edd9a1a68d4ad5621
19,3CC24ED9B009FDC0,oBama,0xf95f51bb3dd5e36bec31a428a40107169cc3e2a4
20,25262AF780A5AD62,Weedss,0x5ec363d4a5afeb9804c00cf86da7fef3c608743e
21,33483120023F324,Meepo,0xea0e5fe18a3b53bb0586dffaf7f5e65306b1cd2d
22,5C5BF9A8171237C,ChienThan,0x7236f47d331e75161ebab2b0d3a0b247b6823858
23,C19640AFAD457EAA,ZackNguyen3,0x6b6cd274016dfdad2cdb5439914980ca0e7fa036
24,E9DAC12F8708D342,TouchMe22,0x7b99e2be4e2d0b254bee6024b9fd8cb7734d7517
25,BC7AFC26EDD3060E,WinKouhai202,0x8cd8c077d0d8be712465e429a4a5cd60d833129f
26,7553061B2B8F582B,elias�o,0x8789ea17e53781bc0e745abf786173f6d63185a6
27,2F7A9E576A6FDB4E,Yuki.72,0x2a4c1ed6d0ce70e221046d498cdd31241ddc400c
28,CCC12A3E24A0DDBE,champ02,0x1f167aedf7f4aa309773207f5fc5670f293d194a
29,121E9FC38B88CF67,DHA,0x9fbc95b798451e078d24b77e27259e9626abac64
30,2FD0E050790B1696,Minhmonhu,0x13508b09186469fe351d418c1dfbfcdbffa2a858
31,20BEE2748106B59E,jieun,0xeace8e5c8e4f3a4729196e25ec734b813e56daa8
32,C22562C75D06A79C,zone0,0x05641cca96ddd548caff55c1c2c7e342640efa56
33,739A67D42BC340DF,Anh_Tuan_1,0x7d7bcf35e85ef6daa345d0489e4eff41f6d849bd
34,40077ACCF1F278E6,dcwd,0xedee46e70438874616be4ddd4dc9ba35336e90e0
35,86D1178EA836A8AA,Sora,0xb6d02117205ef343fda02e50a8cd19bf541adf6f
36,33CC16112D1381D1,NEwPlay,0x9a1ca9695fa7e7e5785568834c31840d69cf7d01
37,21980B4983796F98,Kujata,0x80d628c7fcecc44517ba0ccddc5ba0f6485680b5
38,A551C5C8EC27CF64,Alezxan,0xe5ce0a953a4c4f7ca495b8e0f2caaabe347ace81
39,3DF1D0D21482C703,PaiNaiLew,0x5b78722797633f8eecd67609a66801af96d9694b
40,71797D2A934C0747,moonfox,0xcea695f441abe76615b17e09abd9d5eed76a40cc
41,617DC54034E3F1FC,flobbbbby,0x6a4426133c6cac4ae5773884f216cd65a064b32a
42,DCBDDD7505662CA9,Chuongnguyen,0x0dff691788ac146e46ec7c863ea8c7718f4fa37f
43,83797BA0AF0EFF23,K1ezE,0x670f9f526da59917f9ce83caaf8dab73cea3a8ae
44,7F33BACC2040EE9F,BitcoinBTC,0x56f910a14e3fc98f902e24650625af5b7d54a640
45,5EB1D598DB4C263C,Akatske,0x6aa45342916483d3f015d363b6151f25df735dd1
46,78993F0BE3CC7435,U_RR,0x4971bbf71792fa1db2fd7725a93277332dfbde53
47,5B981BA59CFC2CB8,Biladen,0x97beffee5daf3f999dbad3500c738b65d33eccbf
48,C042FA6C0BD3409E,ChaTop,0xa1c3e429df892930290703b54ad3f9f0ff07ff9f
49,3E37FECEA0BD1022,NhanPhan6996,0x64acfa7a160dbf1c704184b77d4707ae81e53b26
50,B61CBE04EB35423D,ExoLuhan,0x2154e2ad1c7c5cace306b6486617c01e773f8feb
51,71A2E590CAD79955,100th.Quangz,0x26bb4f4846f763d996ac6f6d521b1b2976cd9bea
52,6B05B20F2C4405,Guide,0x8b6b815fd51b42b699a58ffddecb3c722ecce723
53,38C2767985C00DC,100th.Killto,0x3b7c8acea5c5a4e6dd110633d47626f1a6d2455c
54,F240F7E1ABAE8C7E,ConTrau1,0x6476ae9b6ae669bba95fefcada9991de6b255ea5
55,5F1E16AB3CD24F8B,miniship,0xe430f0b4de7ef815786346885a489c79749bd168
56,810EDFBD49DDC851,Brunnith21,0x2bfd6e9efc84752f24a9eb81b842263eaee1790c
57,75D4C7ED1EC71E4C,KD7293,0x74834df17ca524aac0c6a7de728332d0237e5050
58,F7B98D9F7FDB66D9,Mosm33,0x4bab6c4b69691ad1d1ffd8f20ee62d6d0dfbdce1
59,F364218315135161,sazazaS,0xb603d84e66107a9f0ffed48b9497d8088a95be1b
60,73D27454102D6ECB,God-Poseidon,0x16715f5a083506b9c28d78c550a845509a031fd9
61,61D595C5C103175D,kOxii,0xf596b62fa29443985743758fbee890ca26767b79
62,13F4B3084511E9E6,LikeBosss,0xe6d4fb4bde7b871ac90c71a4aa78c10fb889298d
63,D0292CB70837DA48,Yakiro,0x23c91ded565b853cbbcd604f6c54af435adcecc1
64,24E5263A657FE362,EkachaiTH,0x09242178c8e9112661c62be71ed79cfc52d748a0
65,FF319CB01EBF5046,Th�nhT�,0xd899640eeabf76d3ddfcaba26f5f0fe64d3101f5
66,79C61588CA47D0E1,luciano,0x025b0c5a93c78823255b391c794570e5ebf03fb4
67,64D14336E4B329E3,GtOkAi,0x1c29dceeb21912777f6d688952e44559a9430846
68,6E662C297EBB501A,BLANK,0x0389f5337a6a984fc05da28b40dc51ad091c5925
69,9C47C0F9FADB3F8,100th.Holo,0x2a1238593ef71bde11d3b517a56dcf99aad9ada0
70,1F6B7014CB992AE,OHmHoX,0x1ef0d4f7c424e153a768eac399f44a59346e266e
71,8D5FE13EC96CCE5B,GSTxTi9,0x39b84185c9f5535f399cef50e7574eaeb0e12f63
72,974147FDD60E8333,kokoge,0x35309390dfb0cf3ce7961d9e86dc739a5601024a
73,82BCC98AABC92C25,Dream1989,0xe1507d550a667fe4435ab1feba3811b303eeca19
74,21546EBAFACE7DC,Lfwin13,0xffbeaf025167c59ec7fce10668ed81f86a2cfab7
75,F39D7A5846FE2917,slynar,0xa342aa1dfd410f93c8de27dcd83cf5962693ee5b
76,35BE08C2076AC7EE,xkai,0x63f6f61c7812f011a674ec1ce20698f8d768b1eb
77,767D03A3F9B2CD39,KingAng,0x5a08eb2c834933d232d44d191518177a78fde631
78,675ACFDC8EA68FD5,@Ewoolem,0x489dd7674b1e8f670bff16e265f8467385fadf54
79,F64F111C0247DEB9,Rezect-,0x2e237cdacc64332cd36dc157e5d4e31fd910b955
80,B49544402917A73E,lucy9,0x6d5fc4a86250baf8a9c00aff9dfc6c270ff43e52
81,6E23932B3E74B62A,baobong,0x54cba5c65aa4889175b5665f537b34edc35ec313
82,3D3F5F627F5844FB,Yesterdayvn,0xb68fb9cb581cede64e7fc7d3be8d32c55906b2d4
83,7CC1D6F4CE0950B2,Mystic95,0x66913aab7e3e82079c71645f9434236395628cfb
84,6011C01E59AA7088,Hatachikun,0xe4cde1977fe8c1b247b9ae01dff8ab86ae7da2b0
85,F819DF3799D373FF,JohnLena90,0xba3472eeb89deb0cc86b656743a9545c54d09d9f
86,C43C1ADC76CA811F,KHo�ngPh�c,0xa9dbf1c16e303b0a6ae3d9d9205224514c144c0b
87,426C7940DAB6E008,LemoonDan,0x61cef030ee7fce596c62ccf8d7fd9694e066d916
88,768B15CB97204544,Aleff,0xbcc294367d12755b29cb55552e96226b0792dd69
89,1A78E10722DFCE39,Thienmenh,0xe05fe26bca6fc70b3ad162321812f9ced0cfbbb4
90,C41CD99D37E82C28,ZedobraHN,0x784315096b0a8ba9a24e1fee4c296374ce271695
91,EDD5171E48FC62D8,Ti_uY_nT_,0xc0f125a7f0ad7d9f9daf98b81b0ed0f62aa85d4c
92,C837B7513FD4B9A9,Layoutz,0xb3211467c7885280de90daec0ba1089227475883
93,4C69D1B0652E5881,kixu,0x6d1e2886b3abeff7e043768b55ebf01fbe8e3108
94,48366903B59D222C,Minh_Wizh,0xb893a9acc513fe524b56b22ff0f4cc9fb2ac99c0
95,34D674899E14DF78,Philo,0x9c15424416f4de1e66520c0ba28cd6ac99e1358e
96,2B2FF6A4C2422397,Legendaryll,0x35478edb272601a239edcfd84a45a2a6a3df048f
97,5B644FF837081E3E,IvIrT3,0x7cc7ed3f122f848ee6b38d77c54c0da460b95685
98,57C26B198BB56E6,Darklord0611,0x9c6e12012d2f8c823d45004775571b150502619b
99,8CADA20722C141A8,C2erline,0x7fdaaa26b4ed1d3305af2c120f10ef6a74932488
100,3104EC13F7A3BD6D,UK_LOVE,0x7f24d05b59b801d50266745410b84ebf678e3d18
101,12AB90CEED665DCC,Hoang9,0x590bd666f2e6b9c76b943911e48cfce5f46979d2
102,D9C49A7C259864EB,Kaii,0x65a3851bf94b53086a944f7bb24379335feddb32
103,43AA83AAA2C20B57,PiNocChiO-,0x6846f097d92548b18c5b980a1ca626d75cff23ce
104,CD9E27FAF102EF3F,PhamDong,0xa2bec41376e87021b0c505e9d29cb293c90f4d79
105,335D17B861CE573B,11PM,0x3067414e71fb99c9f79ade91bfcde3507dfb4257
106,383D51A623101C9,WAL_Shine,0x747c940551dfbb27b007b56c0f39f492985851be
107,512F948FAB372F23,Spide,0x1b0be2e92b6f5d9e0c985a867201196f3a5df963
108,78AF8F808E076C88,JiaJia,0xf1412acedde1bcf350723aa57cc4f132b40cfda4
109,253DE36DB9A41640,farungdong,0xe21af3bc68795d8b4268c34dc7cab0eda9d4c786
110,1ACE7FEC0AAF6879,CubuCuibap,0x96088e782b1087c4ca77366c64a6201336added1
111,C09FFE800D3D1BE7,DoVamVozz,0x4a8999d755972cc29e53185eb5964cc96b404898
112,502D459543D413A9,Janicee,0x7f6257bf82ea5c8af511f59fe3fe5e63f1119302
113,5DA0E13CC8166D1A,LongOi,0x07616edc98f3c6e4948e1e3e85bdacbaf11e20b0
114,FADC845DC93B161F,WangHuySG,0xcf10e2eba4f3b39a6bb544880a744f51c446b34c
115,A806A8FE4B62B0E6,Flukekak123,0xb94d768bd1dbbf9c550e46f531ed753f395e0626
116,11D8C2231F5A1CF5,MrKim,0x51d205b30703d8d6e2d696fa1b1a012d8eeb7b38
117,CAEA0EDF6E7B8079,Drainysx,0x6a0c595a38f4cf7db183c7f9109e7e539fd0fa97
118,F650DFC6EE163ABE,Haihoavn,0xa93c422d42be357a1661ed33aff434223b05524d
119,B93A4B7AD1545AB7,Diox,0x0cf89332a2b9f3de28fffff55bfbbb836a13812e
120,873BAD7B02FFF3F6,BaelFire1811,0x2c4a6f35298182935684f5c70eeb895f198096f1
121,D914AE0BB1F8C93D,OT.TankOnTop,0x75c1f97d910c53fc9463c48e9783c655efdd7b30
122,F5249A67BA5D496C,KSG,0x18299c768c30353092ec8473d6dc906bd9358f62
123,CC6D367CDC219953,TheOne,0xa66b43fdd016015340a6b491472ef9eaa6bc411a
124,39C0B3936AFBD203,ghks9,0x4462ce7e280a9522bee3bd7068bb0a0f140e749e
125,F3F7AEF176BFC669,Shatosi,0x134c6dd18c5fea3905dcd0e7fb7f7a68195a2381
126,C4D7C41E0A635A39,TanLee86,0xc84f4c560b50697b17f0c3304519dafb4762e8d3
127,B706AF8F34FA1B70,Improvee,0x0ac3c8b350a2c21745e1b08878b47f16907751e9
128,D7386C7045EA68C5,Ukanda,0x027a3de6f21e0fb28ccdd5d9c011eef3c7db291b
129,3E32CE61353E991D,Dchocoltz,0xa87a90b6b040d245635c5fb4ab56f7a9201db1c9
130,84D5EB7D33A058CB,alola,0x20ab14b8f98c12632e2ff4a60a4cbe698af0c483
131,23C92B5E496FB3C8,MinhChien1,0xb9fea9ff5836eeabe0a4857c3f2aca9a4d45ad0c
132,F4EA3529169EE4C9,hiphip,0xcab3715dfcc076a257bb460d6f91e96f26a7ba98
133,2B3ABACBE2BE34EE,GoVap,0x169c0206c2f109b05243ffbe362c95998df1631e
134,EEA39036FE42D933,Parzivall,0xce8dba8778f97684df0faf9aa23a80813891e2fb
135,86D16EEE561055FC,SJC9999,0x6c6135dd6660462ad3dc15279fc45990848f9b1e
136,D1F598224680689F,AnhNT.SI,0x222252c22c5c955c894f867e67251db39cadd158
137,402AFC5460A044EA,WAL_Py,0xb7a71271457e3bc8434faee64e0a3b82a654ff9e
138,36CDF9BBF9CF30AB,DateSaming2,0xcec8f6fc9170547e2ba46a1511d85456168d137e
139,DD86E79787BDC074,ALOH11,0x5593bbc11679e365bcd1cea0ddd3db25c20af869
140,69B54A45054179B9,Rann,0x1d29e7707b475298a916a99c3d22193447e0bbb7
141,4411093A97CF5FF1,KyoZayRiizzZ,0x3d93860cbe41d4621ecc08deb47394dbfd777096
142,39239BEA3282A3A1,HaiPhongKLV,0xb35923f00fc873852ed73745af3a656d4ffdb99f
143,30BA3138181FBCCC,ViSaoCoDon,0x4a66523df58ca89b33b29c836a6c0a8d366da1c5
144,ED318DF94E2F6D24,T�nB�oVT,0x5d49a6fb3d4376e74598af1cfee6311047c6aba2
145,C137DE45341359A,Tester_top10,0x5bce52457f0090c3206f8a2027a01dfa30334078
146,3FDD5C760E5E76C3,Hạhip,0x72739e1420e5516f9b644414a81809f4099b8414
147,D92274C02B0AF5FD,UCM,0xbc43169c19865b329e08f275f7b227b64631e3bd
148,8E17C387DE0BE003,VorLex,0x70f659f4b418340ba01f171d13eb4e7452f124f1
149,234FB84D64649299,Kidoo,0x4c0c2d2b281a9c9b96ee4c4a853fdbd52e14c309
150,AAF7CDF78D9A175E,MazteR7,0xf71e799859dd0453dd7a6e26d4f495c63778a1a8
151,4DDE5E1EAB2912E0,PvTnzGG,0x2cc4b7c970c8b9fe55ee390a99ba694f489f555c
152,D2F987AD93157603,Pochii5555,0x50ce95f9599fc759dbe7b3028e12ce9ccb75a470
153,92B8951559B9D8DB,JellyBean,0x52f828462926edaa9aadc6d79c01277ae879b3d3
154,5E0DF59C049725D0,TH.No1,0x452319b2a8dfefd3b8dddaaa9168d2e82458a536
155,106CD8421037FA41,zeky9,0x953fdc6924d8895ded0bed4ec9ae6f75c065974f
156,1DE2AD4D7EFEA13A,logiteck,0xcd8e6f165aab410065b4c10f5ed064629b649fb8
157,A8ECC98EC786368C,jack,0x5ebb4af67a2a80255beea9b4fe047755d7c94878
158,7F7F32FE9611F3D0,Omer123,0x484822aff1400a0593dcb14efbc9446ef7a0650d
159,27294F4B9CF2E578,Omi_01,0x3a541a3056db5be3fa1330cd6aacd4319c1df331
160,1F144E1E9937FD6A,Whish,0x0380c935d1f0694bdd44c4b1aa15d690cee6ab38
161,F69067AA4C310F95,emersonliu,0xf02e84b65f2ca15a796c9ba634cfaa1dd58f0d6f
162,BE51F387C17B1E00,RyuZiN,0xaf58ee3815f27f7db3d8b7284b5c926a10aa0ad2
163,861FB2F7BFCB2AF5,QuangDadua,0x2d480ee31b8b48b5459d5c3ad3dd638affdb3c1b
164,67176CD84BDB9C62,WindRanger,0x657da20f6106a0bba6a58212dd2f43aada482f11
165,185861E1BF16F449,Veritas,0x798e12e3c0b3907441bfb2bd887741ea1044e933
166,279ADEA695DE0DE9,DTTZ,0x12d7a2b233cbe3a799a268b9dca1d5bd050d67b4
167,BC9ED86EDA7D0642,Potatomato7,0x05795c72db24998cb41430e80f7fe26e4e38cd34
168,BBB1C3E0F9202CB0,Hanoipro12,0x76bb8d81211e467dbe7034ab6ffcb66c20e02350
169,96B242CD2C3296FD,BaLiHaitTo,0x6abbbf20878da6416f67e7b50611c265f509adb7
170,9BA3597BB9666552,mookyismooky,0x479766937bf3a8d65f5e0cccc404bed11a9f390f
171,F67A790FBB3EBACF,Veraas,0x14ec900c30fedf32c3fbf1b97cb2e925af8237e7
172,D7A5E3D2E701F260,yamate,0x2e618e30d34bbe14001e5442d39722f79b901c09
173,425D966E02F477DA,Simon.Duy37,0x2c881093c89626060ef7cb36f324b48ca53c1192
174,A05A3F7524C8F5A4,cPeGgs,0xd779fda59575a1658b69a7376807aa7958baccb4
175,9EDFD6735B22CE3E,OT.JackyXX,0xc8f477f8ce1c910c1af1026a0b9addc5a2692d45
176,58420881E0A04C52,RAY_70,0x1fd180e272e5e0c5c4c35d6d4ea36a93e8424186
177,44028B9E43E6BF1A,Shanks0,0x20e6f00c26305c78f8f0cb9f20d0c8d1fd33b06c
178,1A744F1D4722E4EE,Midol2i2,0x1795b24817b2a4970bf480e2d21c2ae5706785f2
179,B68C761FC42E4988,dontmind,0x76836763ee97c14d6cfb7a90be31c6334ac46830
180,AEE61CC3C1F95424,herry9,0xcd5a6e35486cfb21a3d89023fca5890becf7002f
181,3DCBC4F0CCAD67B5,Weedzz,0x35411b63b8666cd18d0b3f16666d0d7521453d43
182,D22DE3D629EFA3A5,Slowdancingg,0xb4e6f9fb08ea8f6d4f3609618bb0034ff9476ced
183,472E31FD60FF868,TNJ,0x74ae8accc443430ae51ef0a87504b125d3eb9799
184,C9ABE5CD42E650D9,MoOzyzAmAk,0xfd7905bc67d32e253715e52662c5a63d4e1f52f7
185,C297CAB044011B9A,Haivn,0x12d32e8ee2ec066f2b698e2d11ede2366989902e
186,4E988E6388D78746,DonLee,0xe2d394fc90d7d7ad3ff2a03fd49e806a92c9a1ac
187,351C4890EBA01A7C,Jupiterz,0xc52793c2202943920434805a9d1c2327d7a05264
188,CC4063A11B6FF35F,creong,0x4500998b58ec4fa2bdd9c0b7cc6971702307c1bf
189,C18644DE3A9CD2EA,Larko,0x9ce12c109867a636aec2d264c55acfc7e16f75d9
190,C25E02CAF70E7F66,boybh8,0x6a2dde5a6cfa3961f9275896b38175a33050064f
191,B740D5570FBEF6AC,ThaiPrOPaM,0x16df5c2b7939390d563811f5d3f0ddc958360093
192,9675B211E280359A,Reversez,0x14d98130b13f478602ec86d27aa0e1550fe13c8a
193,28F0471CDD0D66EC,PTHieu88,0x334593e95cc755e5ac10a781e17c375fb2235489
194,E44AEB53B10F453B,Hair,0x7c20fe3027ccccef585428f3c4b9b422060aed68
195,6703E12BC9A4AD59,jpklock,0xddc09d3bc73f37f98142ee1af7a4273923ba44a8
196,5FBC16B0173A1C0F,NewPlayer,0x5f953bcfa3ee4c1bd253721068124bd660475ff4
197,15F7DB035D74AE9D,bluffX,0x22bf46daf21f516ba2d7ec1d21030f139b0f0253
198,F10F33F5BF2D06D6,StarCraft1,0xe2022aa1ba768c91d4ac1f0a35e84d2790c31f1d
199,DBA153AF7512326A,ArtozAmAk,0xa9d56e3a4eef1b7dceefdeee80c8254896e0b892
200,5DA43E0BB859742D,KuTi,0x61abe7ac17bb17a457eeb7d2f4ae91430373afc1
201,D97703702643B726,WeiQi*STAR,0x0b9a3e108216ef93c9817301bb218f0ab0f2a099
202,C7EB8A0FD34F7D49,solsol,0xa520b7bf3ed0f8c1063f1b5250843c24682427af
203,20A2CA2BC5AABA2D,TranPhu,0xa0025e5ef5e78fd8a448c19b89f1554615b21943
204,1447FBC281FDD60A,Múc,0x58988440cbb1e1e78fb6bf5a77dba2ca322f44ed
205,1289EF0160B5B78D,MonSuperr,0x12ece29a04287f83889d02188ee62023693e19e8
206,4244EE3DAC30E625,BLACKGAZYX,0x02e39c31b32182fa5428a3cf8a6469af5a24c129
207,9A0F7CCB2032F3B2,Vi_tNamtop1,0x3d3010ce5c934f4425c4f57d809b7c30e28b2222
208,EC87B838422DFB99,Liman,0x1eaeb24678b33cf3c7a9e1d10e2605057edcc7bf
209,85CEC0EAB5FC7B34,Mintoxii,0x63c1249827c7656a4141cfe1d2d9506eb33d1fe2
210,610EC77228ECF7BF,KL_CHACaCHA,0x9a6ce08e0371dc88dfcb31d4ddae4dee6a395720
211,DF664D7716AF80AC,OuDzIIzAmAk,0xd1a96b171460e40e235952a32b55b11c769c8ba6
212,D1AFEB14D8D62261,zzzzz,0x50a4d0f1f01b044b7a79bd2fcb83a069179117f9
213,B027174A836A461F,Tanductan,0x07ece947739b8c7ccedec8dc05766a2a671d886c
214,7CC0B1F31B58F8D8,Loser,0x7be83c73394b0f9c4ab707d65afebd717e1d6fff
215,51442736F6C2BC99,Fantastic,0xc7f727fc42e857367bf62e88c8e2b3e758c09a52
216,2EFADFD2CD761891,OT.trunks,0x3daa8b503f86670c4f0e0025318db7cc1ac0d6c6
217,EED1625322EB82F6,LegendCT,0x5cc36e9487487f5aa61a7d5beae61901498f0a92
218,C3DA2B1EC6AAA6F9,MobPsycko1,0x01cfba9bf3c7568ef1538f2526a816755a08c8dd
219,A41C0642E43926FB,Sumo_Kui,0x9d6dacbde50cc4e812bb6b8e976b5f66e16c5a79
220,40B806361AA82E60,alert(),0x8f5e1fa8e6559ec326873003c7a01fb07d8c07d1
221,C139B2CDF325DBE1,Lee270993,0xf37476524228be291ade490af035aa139d5b4700
222,8C762A3B6B287769,Yuutaa,0x1e01e39d9b81eaf6bc3ef94a27743b0012d21921
223,5CC2C35A54D3990C,HongTae,0xa4758d6e8b692eb871f856052642e52184f32d9d
224,1A6DE81A1966C575,tNbLuEs09,0x92568894a6a7f76b33fd817f7a8ae00dcf938c84
225,C5DA6CCEAA99DEE8,SreaL,0xd9c02c098593575dc2bcde90f113399ada11e03d
226,8A72E690EB1D387B,VictLee92,0xa5f8660073b1a804c4d86fa42e1e933b7cafc658
227,7F0FBBBD7B3F7523,hacorr,0xaaba14cb64d906c49b42c52b6577c37240d99dd8
228,3A51BD8852B702D8,NNx,0xddecacc27d56990d8a393b96d493259949322655
229,2AF51A667B07BEEF,Quin,0x6d77fd16200168f1858c7962631c672c06b88dce
230,5A4B46050F4F4289,ClawnDy,0x1c6a9788c888f7a691e9b0703ecc79c49396e04b
231,8EA03B9A876F0CA2,MechKiller,0x2aa9b80e5e4d4cf2338b201b94a6159beec04915
232,E7A8A581CF3C089C,Mrdon1101,0x740da4801266270488f2fd3aa0a391540095fd8f
233,CB9D3338308190C7,Guan,0x85379303f57dc2fe89215df6be66c48fed3ec396
234,B87176B6274BDC7A,Hein89,0x4e5d5e08f6a75c531a0e0cc4c5f598afe518d979
235,D9C61CE420FD530B,ChipTankerz,0x0a5c186f863f53c869d7b4cc66f3bf111869f2a4
236,D77AF2B345FE9EE7,Top1,0xb09a37dd4d1d27f8b4b0237d3f5eb86d4d9a04bc
237,C695D46FF63E1C7A,12PMax,0x7bf0e3cab4f58cb746e141aa0d994ff1819e4290
238,C0EF9CA40A75B0D3,joeeeeeeee,0xce8a018f857949a7376c85f939612f98a381702c
239,35609BB807A0ECDC,JenTony99,0xebca4d22500c18f78f0959ea35d32ec57307d663
240,EAD88B26C44795CC,PCALCANTARA,0xff51c97dbf07ab2a6be00c51210f731110bc43c3
241,10E0772D1C24E0E9,JerryVoo,0x68c5c8f2c6a8a7d4f6e8b75b21d2c576f867574b
242,D418B2A3D6AB1409,Xatarre,0xa069b038a86ce034cce4ae0aa8a8b0a56e503b1a
243,3ED689D644394625,Pitohuii,0x19e898da4e0a37c45073714846c836531700fb14
244,C01768D59A39345,:))))))))))),0x3e810bda529ff8a785c08ad76b1be9182104b915
245,D817F1E75F529AEF,Meloxs,0x5711d6b186a5416e7a7fb27502f597f49e849808
246,3ABE9DC610CAB835,FanLeninLuc,0xe69e14b162b9240d22f80e21b2f298d0650b71ea
247,274F4F42869991D0,NeverDie_,0xf498fa3ebaf157020458518ed5070d2a181a51bc
248,FB559DE4A030F460,Satoshi,0xaf75e5f077ee76f8f3ad4e665b582d846f132851
249,E0C4A21ACA78BDC9,EGGYOLK,0xf191ee9da50928732fe62a9589aa72ad12318ed7
250,6096D072DBE9311E,Ashlyn,0x6657493b52e5525cb47ea2594a0839b3a47770bc
251,18B13A7B341EF4E7,GoSuGamer,0xadb45be90c0574b15dcf2a43214c6d03d7293cb5
252,B74ED7BDC535DD3F,Vlad`Impier,0xf9551cdf1bc91476c912244ef4d117c0f353441f
253,421EBF0414781024,MetaPad,0xcc92f61c9342a25376b6d9347458f4186911b1f9
254,1DD3F0AC4E9DE018,LioneVN,0x91704fa5877d5d145f97131f7bdeee74906a9dee
255,E0EFA5BF89B995F6,thanh2324,0xbdd25a3af361cb597ff4a9fb6909f790648c252f
256,902473E538F8E7AF,BEDILUON,0x554638f508b5d054b6bce69a7e475effe30a4b33
257,6FC08C1AB9E80336,Tempest1,0xc7e3d685accd8110ab57891906660c030ce300ed
258,CFCC6232FBE2ABE1,voduy2603,0x9f2fbe5155f93de91a3f71cc738ee2d658cd31c4
259,BF91887870386F65,maymint,0xdd04dc691d7760c90fd74dfd623453945faef0bd
260,BAF7BD23D8E9D959,Hoabanvn,0x424300c983aa76596b978fc16fa449a4367c6c0e
261,932313B7AD19C9EC,Ilumia,0x19b866998152c8bec21a2f66c96dafc0f8353e8d
262,BD2F58116FF33F3F,l24ins,0x7ee21584a9c369b132d2e114af7a876df3441fec
263,BC6F20AFBB061C2C,AnhBlues,0x02c2e0a09218f10104f0ae8001eecb7bca67ccfb
264,3D689351E12FCF7E,MINHCHIEN,0xa37665a6b990c505381715fcf54bf004c41b7060
265,2D8E573C19EC8DAF,Kapinho1,0x3d4b61d7c825e0e8983b822efe10730510425c3a
266,F259B96FD9F5CD2B,HTG3,0xfca319f920b6757a247c78e39be29e41e3603e8b
267,D8FBFD996F7658F5,Mongmawaew,0xc2723b4d09a8144aaa72c85f8a9dc2a4219b0d0b
268,212B340AB79483BF,xxS2xx,0x473d96670b23571a81217ba5e354c1475303a0a3
269,1BF566627DF82C77,New Player,0x1ac54ae7d8fca6e07605692813c003f0531bd99b
270,B4EB6A924521A436,VietNamtop1,0xabf823f60a4c50d595775c17bcc0043a7f4347be
271,9012F549D0FFBA8C,GooKeng,0x59354af5dd8274d4884a443c342dafe555e77fdd
272,8A05CB914B60625E,hoainam123,0x7d5ea7af5a48fec3b53d8580f40e45e96531038a
273,7647FC3DCCCFD4FB,Yushua,0x3f7b343f6d599e4e1e8445d6c31b45dd5b1563ed
274,6C77E52E843D2D28,Behorrt,0x12cd8e6e5158a4c57e017f665520a226b8efa7d4
275,2E34111AC84C22D9,TUNOD,0x873e15ef5465a1c589e1653c13183d2cdeea3ccb
276,283B69AFDFE81E5,Levi17,0x0c0ab44ae8d58b82c1cc430dfbbae9ff2cf78897
277,B7B66A448DEA0E3C,pvt,0xd7bcc4b8b5b8a6a4e9c7922d1fa800a40d2b1a87
278,807F5347CD749788,ChickWHO,0x81c0bfa8d5317134d7ff33458936716fa767f571
279,60B022A892CB7E57,LAMBOsooon,0x59a9f6c702a6f02ed9a5dbe1bc8dea48b8674042
280,FCE739342F7B3A15,FN_B0Ms,0x25265cc7625e3f71687a02befe8ec2eef6acfdf6
281,B4E6DADDEBE18D07,TheTan,0x1426fb80621d96698f5c0931992b07f6e52ea2c4
282,883E92F18FCE5F49,DEUSEEE,0xed0ed9b7c2e9ab4087f89503c0da16a66789c85e
283,7AF983C7968E252D,Prankist1,0xcd3d5ad497624b0104cc3d70198ab023f96b146d
284,7402F8FBA381F121,ItsYaBoiEdd,0xf67646e3d60c877cd66ef8d476ef88843bd841c8
285,5B5A3F0ADC3AF2FE,hieukomayman,0x14952bd992b2ff9fa644987615ecd8f6092630f8
286,ABB431AB9CD021DA,Kenny2021,0x7d75407a64a635d975255e1d878927930c5f7728
287,7419F43FB27A9717,Zremoncon,0xceb270c341ce9325d756189368e314346bdd7b14
288,638DEBBFD1CDBA7F,Minnyy,0x9d2e96ab97662bb312e845197465deb4ab4949a6
289,2B10EEB0D3BA6CF9,General_Scar,0xb2b9249408cfa9df2abc6c4542b37e5ec57c5f4c
290,7E3BD506D779AE8,Maxza0077,0x7a81242ce04f150242183a4433a98aa89798d37b
291,C2FD4300CD77C379,VietLe92,0xa4a95e116b20e4249e8704f4ffd7be76857669da
292,912569271DA0D10E,zoombi,0x91b0b31f24195ddebbde5ce74e22ca68c2ebf079
293,AC34D707C1B0F56F,Wes2trial,0x0eba8a4e206fb4a1791e2ae0f874a96659747c52
294,A884A4B4B57C3A50,Nguyendca1,0x5bf366b6c95eb14db34bde500eb70874a45ca5a5
295,DF0DEFDDAD99F542,Avataar,0x84d23b1936383bb5aa222956090f7f52ac54c925
296,7FC2B1410B95875F,nftplayerwp,0x64090f63be496f7460af8547dd544ef4ace71aff
297,5E647D89A429D39C,VyVy97,0x4d9c66b3cbdec84f998c44fc9b8fb00cfcc5ebbb
298,5574DB2A36E4120C,MunPhot,0x745ca6d9f8bdc12cbde5d7d1b09d2f304684df41
299,C465F29186489931,Chubemocdit,0xf1e57e1e2185c76a57852b1eac1c435c83c32978
300,A297F05FE70555B5,dtdinh,0x217c85164a89f9bb8a1eedb2c5010d527ff846cf
301,70C797F4EE337DFA,mheepandaaa,0x8b5bf4a8a7d8b732be3845e4bdabdc38269c96a0
302,5DA0718150FD8345,Thien1t,0x8fd7501487b0b72f28e94233c669a1b400f73eed
303,3673FBD0F2FDA1AD,Millifioree,0x80592fb5d551028139d64531a8fe5f8293f30e73
304,A325A711029DF02D,Jannies,0x1a0a0297f440a80e7ac294cababb1f807cc34196
305,3489F76364B14D7D,uhara,0x17f725753856af9b388b6b0be6292d421cc3daff
306,FEEA9CA3A402D4AA,ChittoT1,0xa239f216bd8ce2eff0fbe015d23c914df222453c
307,A8AB6E56A5E60046,Taiyenn,0x37eabba8963b478999d65da46c5c668525d4fd4e
308,3BC200080ADA5BE6,TungArs1,0xf7ade9c250835ae762d6a64770f023234ac18a8b
309,10A8F648552599A3,ZecaCRVG98,0xbd31e112ad9008ca482f997aa2e1561aad53a49b
310,F5F1DB2CDAEC2C47,Bentokung64,0x415940776fd745244109f2c97bb42454f750b3f1
311,F188E49EFAFDB218,ToxicPlayer,0xc9ffda5d7b50e1bf5a87d9cc44dae8a750646fd9
312,B8C06344B8DA4769,LEHAI68,0x1952f290d23d447ee453c511434214a1239b28ea
313,9A2A0855597919AD,Dapz,0x0413c901f4a805f5fe5df5e5f644254a66de33f5
314,411FAD23CF62AF1F,CGNguyen9,0x91878ec5288e944fd4a357022d60dbe9ab49c46f
315,EF87AD43E0BAD86B,exceler,0x9e4847ff25159b5082185fca52db7533061c5bdc
316,D924AA8C3D4BE65C,Dy_Dy,0xac060efb7f534f9fee44e2e74b670d8a5b9eebeb
317,630987E5FA07C9F8,Besoooo,0x71487f357b76132cf35631805de20b2021564843
318,52BF816086CB0898,LeoBond,0xc0987ba29fe9b91fd352b43550ac130b1e09fb51
319,3BB3BCB6B2790BEF,MetaMix2s,0xe5bd640c0b380b2c003a4229c00479ff6452e487
320,80A38FC4A7CDB075,NNZ,0x6a8666d86d02294b994509718a9e05a32bcf5d79
321,7867BAEEF2BB6ADB,C_Chu_iWen,0x0d846af95ebe82341c3c25235f79fb2e1e3e37eb
322,615D3751861CD409,Oakzz,0xb22ab7efe48fdf0f4538e902b54a21e2a67a5bde
323,49972FACCDF0DE91,VNshubakaz,0xc5ae5b8d1a0ffa3b4c733a011c287fbc7c28ecf3
324,F77A45CE55591E9D,Beatvn,0x4ee70e19701ac0b5b08b17b1b7d13fddf44cb8e0
325,B3696C735194DC24,dqueiroz,0x077d835ba2ce0f8cade586935c59ce9b52a61771
326,4B249D66D0B055E8,SaiNGeal,0xe43de6516110b844045c84d91c1857fb8b2008d1
327,17B8D0212D2FD0F4,DoziK,0xca9d0b9cb055dcc5688eba48be9506cb2006cc48
328,D34E632B5230BD40,JameJe.,0x4bd04b9358466505bee40bd95f8a8bb64b9888ea
329,CCAA9F98188065B6,ThuHi_n,0xc47ac2f3d5f0bc244e48b7626b1c235f4fdbfe06
330,BBA11B4F84A89837,KORNJI_2,0xf2e6aff1c03cc410bcf4d050494284b011a4df21
331,FC6DBFB1F6544DC0,SirGustaf1,0x8336eb3d07bf63b2a80dcfe3b328ec2416f45e43
332,90D9C315393975BE,-Miracle-,0xe5c03303377ccfa740b12bfac2c7588e16d22fac
333,7C02399F8CC40A29,H_uHoa,0x51f0cf32082bdbb798fc2d5dc0e51218ded9aa65
334,DDA605391E463535,KHung1,0xe6b7f0dc5f19fe0c9637bc400453e60f6fd53784
335,BE5E103699EE3E62,bent,0xa6496834e7ef949d223127de5bd027f865df5888
336,AECD464E0705FA4A,OT.NTT,0xf8df3367a8eab6babe4d3786961a22bb3215ec70
337,ACF953AEA632CB24,GoDD,0x7765433345319d660d9a7a4191ee7fcb3a8747ed
338,9AF8B8430F53D972,biixbox8,0x5959a9ffc6bc92a6a0cae0ccff6141944e722110
339,848825B35A75DEB3,Thien,0x3f91225dbf2a12ee9863e782f46c762ad12e0cce
340,B0FCE51C2FEE57A4,Linhnm,0x0421971aca1e1c0b5e07783f42448cc7446690e7
341,65CD1A216C9039E,SirLukatZ,0x98e7f0b39927699e70976b5d48fc7e0cd16fcbb8
342,42B5F6923EF87E4,BabyShareKeo,0x0cec7a454fca78ad1fd91def4b340564250baef2
343,E22404727D479625,Parker,0x1d7781eb722216f1c15c9ace4f1fc5aaa35d1c64
344,D6974BF0A4941FCE,ZaneS,0x2c9763ddad4d07bc0d14495e6ffbb3e90d620011
345,6FB8E7305E2BDED2,Mr_Nguyen,0xfa636955c5244d962a45c2f50939cd25c17963ba
346,53F59FBF86296E52,Alucard13,0x42f04358424ddc5b558c8ef5efd1ba0d3b8270ec
347,3263F6B7ACD2C420,Top1arena,0x611b6663f1a4e5e4990a8a6669dff3c99d2e0fb9
348,D4A9CC0337611FED,Noob,0x211db0606b8517860ed5a136d19b6f55e403d64b
349,6B30A2EEC36481C6,lehuga,0xfd992cdf1d35a3311a567728851ba99e904b9e41
350,5631EFC70F7B38CA,AHIHIDONGOK,0x74d96e7c2e440bd7b9e1511413ba5f8770669dc5
351,4AE14E9B1B3E26AF,MOCKURASOCK,0x5a76637169b65a6299ded0d484f0b04394be2c78
352,3854827A962731A3,Ranester15,0x15ef47d4ef7cb91a42f8270469d236527bf480ba
353,7E60B66C0DA8D5E1,barbosa,0xeb398dec0552cc4862d4a2fdf9857d007e519161
354,1DE9D58ECEB8ADA7,Davidani,0xa2e4c0f96a09e611ef33011b7e25a662776c38e3
355,7C5EED3CAEB751D0,BillyW.,0xae8b56b8bd668876d108b4b81105abc557378c0b
356,73791BD290A4A534,Amory15,0x1ca96865fcc347c612f013f3c26e5c8612f22dee
357,38756F8EAD171514,LuKasBaiANiN,0x76960c26f958f64c2b3cb62b08c519246119437c
358,F1DF02F318979906,T_Th�nhx,0xceebe799086138f476c7125204edd1f9ef641615
359,EBDC13AB714E798A,DarkGetos,0x10426f88eb19bc5c4219a6e5d779e760b170cd5c
360,75DD326EDE1CD6F0,Dest,0xaba6da7c5c98799da86e6a541065647ade4f7a62
361,472EE0A288C67008,ChantyGail,0x625209e886a34694bdcdb06cb7d12ba3b7015626
362,3525548083FA4A5B,zilgaming,0xca2049a21e43825dc89c199ad4621a29b687a40f
363,C1C5D507C94EE22E,Kaminas,0x5b4e7a0cf57a0daa922969cbd946c9bf4e3dfcd7
364,AD4E6ED641AA35E3,MQuizak11,0x221b3c336754b155e3d72318b88f30f02b36158f
365,45E23884C6052699,LittleLion,0x0f3eb81e6bfcdd29c079238e8071013ba5a8168c
366,42B89CEAF8A8A20D,M�sioC�sar,0x2742881c727260f7bdf440f2a8ae772251cbb407
367,42093A14BAA0CE25,Alesso,0x6503468b9cf00cdc418e30eb53b468d30a95bb2c
368,23BFB525569B3D6A,zykloner,0x4174f131b96d81e2f82ef7c10af6d4577a32931e
369,F1B704977B8F117C,Katzlberger,0x8403d8affb14c0bdd84583e7d09a185a4bb24e14
370,DB8B570407F2E392,Mabi,0xadacba1ed1b5ecfd76c9e534541270fb74eb604e
371,D9C5B4229CEB0A67,Krabat,0xa4f3d0133f2fc3a1b57149051c15f0d92aedf71c
372,CD38FD8B922B5A40,Pura24,0x17eb36801f1b38c1d1155716b8c8dc561b52d865
373,848B266CE6678F99,KILLMA,0x662ad135666e23eb5c00cc2c5d720246d98704a1
374,6A82724FFA27AB35,Velesus,0x2003769096c7f191194ec6282ca5cec8b45bb03b
375,515F0AD069F30DA2,cxvcxv,0xa9e7680a1d6032bdb81cb1fa4a55d0feecc0beac
376,3C3282BB9A99E380,PEASOUP1,0x905ae50118b4017ea6d730f3309ae20a74da9e78
377,830849351D7A7F9,Ragnarlock,0x267620528b2c86ef7be2c5baec06a8949905f7e2
378,C952B7776872727A,Truws,0xeef3cb641402462bfc3b1996a4e50dcaf8295a29
379,834384EAD0F9CDA5,LitWari,0xf09d2ef125e6695341f5723c83fa6b84009b245e
380,E5B59D5DD9F7EAF5,xarn,0x81bd5e80c637a1efb882a90a4c432905a20d7cff
381,B63D415F1F341309,Duongdoan,0x18c611aecf896850827c81a4f7871d22dfad8f60
382,ABB2714EC7A03A1B,tiditi,0xaf2e360ec39d74d0b6adf840ef3e1e10888b1e42
383,990A02F0CB6376A7,chugacon@,0x3c5a7af36f36d2e057b6127cdf0fc48e0cb3016f
384,8EB2D455052ED7B3,Namxvideos,0x514f463d4d3180237c8db346310d6bbf22a2cb23
385,47AC024B5C9DA291,tommy_hp1983,0xbf100a858aea649ee50cd9f39737fd4c02e6e406
386,F49FCBB53735682C,Tsugakuyaa,0x21ff54419e2e7db89afa760c7522f27f34d96150
387,CDD76B6619C0BEFC,Rincoes,0x0d68213bdc91edcfa7f50e86d033d08b913b1c5f
388,9011C79BC051D4C4,Tissatv,0xb8fb868100c52e3cb41132296241a892e50bcff7
389,5F4D41AA177C5796,khanhu,0xa5c23e0299c18f903a2bedf8f7e82c90e42dd232
390,5953227B3E0CD3E3,Lell,0xcb7e2a579ae4c067d9fb75bdca7b06bbfc7cb9c0
391,20AA3DBF0C9C1599,SmileJmup,0x0fd1ada06cb87bf8e3329d3c5634165ea76f50bf
392,E4702CF5955DFF93,Dthebulld,0x70664896a71bedf7c5bec41f5ce7226f7390f553
393,C4F50F30E23C42D5,DinoConn,0x620179a40e8764d92b76f5a0a92abc41330eb7aa
394,BB9E7B41E8C4C558,Nobodynooo,0x965e9f52caf4ed12031f734f825b734641c1b635
395,B83DE9D1713318AF,SSS10,0x12ab1458eab678ab35a5abe106c6c7ee358bd119
396,B77209E7948446CE,putin,0xe3546ada9c6670077d0a6ae4f3b0604cbcc9773f
397,60F77512B71EFB70,Maneaki,0xf60f4a5cedd901b1ebea1480761e11fd68fedace
398,422ECACE8CB992E1,TuiTenGia,0x17de3e8f966b50aea7931df5e1f836051aa0e234
399,FF362586D5A8B9DC,aeareem01,0x8fbc3a3cc4363dfdc27a0b7ea217e01ff5e9c18c
400,D8F904BAEC7A5E1A,TiHuhe,0x0da5a82db729b0f9e0a9c9c6f71ab0d55640bf3b
401,A76EA1F02CEDCDBE,Kotta,0xbd95b94f9a47f5f9cdd3a6285420cbac9de2db81
402,38822F846C6AF57D,RoroTH,0x88885428db83abed72ccdff8987a27c68eda90a5
403,4EB5440FDC3B6848,Metakiller11,0x00832d9752e2d4f3a17b4b1e7061f0a1fbd10628
404,36346A5937A9CF6F,Isquis,0xa86f5324129c34312187cde5b42fe283fc493fd8
405,178C8E11F59BFB21,Malboroz,0x61524e74786eacc85486c48754302d4d45d28ecd
406,EE74D95A029FCC8E,Zachy08,0x9d616e329fb1bfd57dbcc0f0804dd67b0ea9842f
407,C335190B5824F634,NewHope,0x9d23d54846ad3fe1b1ea36d63e4dce51ffaa5016
408,A6396C0A43C21AD4,RockBitterz,0xfcfb22e8ed0a092175ac3c1ad3de341f34845465
409,85D1757C9D70109E,W3S,0xb13ae18aa947986bd51aca4695c7973fc6672285
410,46C8961164C30BE9,BlackVultorR,0xa3e0b1fb70b82af86e9c64a6eeefded4be3e8d92
411,2B9B0CE03B28F8F5,cloudexx,0xbe387e6432a8b2a3bf9441cb4a826765412ee5f4
412,2A3758A1B3188B83,KrysV,0x22d19b77ffe95a5c2d46d43969b909dcd7896cb6
413,2182CFCDA26B321E,MaxNo2,0xe8d771a841fe0fb6180f742f1755f3118bca5ac1
414,4C806F1DCE36EC7,rfgs103,0x86c4bbd6c65bd481220a39397b5893b97520375e
415,84F121DCB70965B7,Andr3,0xffb46390354c351ffcbc56459e19ed5364892ee7
416,600C78B6BB95EAA8,Syorrr,0xda06ea6d5955beddc5324727c508407ec5c4791e
417,C691905AA314B6B6,tumkungza,0xb9d475d02d294a46deb936bc9a942cb6c7d254f6
418,C669A2BB943A9316,bun,0x96b929ce445a2dd126795356047fb06dc7f7a163
419,654D7590B077803A,m_it_pch_i,0x7f3b4e88aa0c63fdfa0a877b093aecbe0306c730
420,26C12C1440CB7507,LuckVinz,0x6b0b4249df97bcc0c77f10df753dfc5af3c8109a
421,10FB08781D53CC36,1imited,0x7a653af65ece48429bc6b1b932fb5f7c99072877
422,EA7DE0EF4044F1FB,Ti_uV_,0x8e5263ea85e08c6b90879836ff210fc903e88f17
423,E84FF11A230844A7,alynx,0xd86dcbb02f46c5d2652ae350b9b3896d8c4ac1a3
424,242175BE9DA8C48D,MrPearll,0xffe30d2ec379ef1bfc814ac5bec087b0b29e0170
425,BFCCE1E92FF37DDE,Dale6699,0x162bd9781b61a0fa5ef7b495745596b7484d6879
426,AB3DE78AA7BB969F,JusticeH,0xf9c9451d6729fa16e21f717401e6cdabd6006e4e
427,FB0CE442ECCE9827,Oinahee.,0x6ad7899db2eac7a7db0738b0eba40526ba8928e7
428,746DA5699780A06B,KaMuTea,0x16bf6418e81594be0dea9c91644e7ad39e4b45ff
429,4E835BE760E2D550,hamanakaxx,0xbb8b9a94f1b513521645e540fd8180fe9622d682
430,42FB029049E01212,Metakiller22,0x8f03dfa453efa20a5cb769fd50bc6c6b6ce9c751
431,40B65FC576812DC9,Pagimz6,0x8473bbe25d948ac543c06947934ecc5d2a754af6
432,C7CF158A1F6C7DA,T_S_,0xbde993ac96d58dcd33276cbbee614f7c7cfb8a48
433,65CC400076B332F,CrimsonX,0xbb87d579d236488704411db0ec04bfe7a1e0172e
434,EEC948520D528791,1by1z,0x7f9e470c1c55ccddbda26bd4be230111a173fef7
435,E426A74BB98CED38,VietNamno111,0xc02ea2387699de0390907df063208947ffb6cfa5
436,70D2D070DF3D97B4,t�miyasu,0xfe2e1b2749887be51c5a3e871ff8baa6b9fe9c73
437,6AE6478E423FA7F0,Host,0x2a59d22b41a1c64d47cd12dad0ee1e56e66e491b
438,2BB4CABAF87C6FD0,ok125,0x6517b3c316f42224d6a0f69ab1229a8df4349c79
439,25C0C9FFC1D1209A,Imooz17,0xc981c2d9bd3b61b55af7c010c0e16324eb98fd81
440,4BAC116C4888366,Savee,0xea8584e0f9cc1b0f2a8f756e1b3df67ce2734d30
441,DAB57D326E0C0BD6,G_tt,0xade69edee1f59860d074e313bc9af96f31b305cc
442,CFB5D8EC894BC8EC,SoXx,0xf8ea7a2a5cb51e73f34e3aa9ad012cf7b0062d99
443,A68436D72A5F3654,bsdeasy1,0x76339a090ae8cf8121a28e60725d0448b62a4c65
444,8999FE82B8931AD6,ÉoTropus,0x5ca99060ed6c7b8fcfdb0b0f33bf7612a3a31bd6
445,7DED4F99AF78233D,Enryuu,0x9da6bdb2a1065cbc2a551d7f8588e9d19fcbcea6
446,2EE0860619D37E2B,Tangod,0xbf9d42607c12a67c64edee5d11a5ca3ee2441c39
447,2711BED8ADCA5A62,Sasa,0x3d79e014dcd8d437e9d4b373e6b78552d1523b4d
448,23CF295C1FEA2B1D,LuizNs,0x11ba708363b7a1eb2a9b3895596a5c79e2b671fb
449,B7557A92C01DC599,Oscarz,0xbf14b381e72dd35b50bf4a0632b6e7c87c1319a4
450,AEDA2EFCAFB2A83E,AresTH,0x3623a30095917caff6a982b62c2bde9dffbaabcb
451,6E55549D8BD86F9D,NekoPartyTin,0x64507c555a80879736d9e90dbc9c5b34aaa2752f
452,BBBB274ABCEBEBE3,SImple.mine,0xc28ad65de486c88a5feacd0ea31068d55df34bca
453,65DCDE00F4334C7,Choper,0x4a345d1ba066f288761531f0f348cb0410a52f46
454,BA8D6E10D6B32D46,kauta,0x462a761dbf0d3ed945178bf73e93ab791faf0a04
455,AB6041CF990E30B2,Ezforme,0xa3856b4ec5e139256384619f369a878e8b9727db
456,9FEB24C3EA1AA7D4,KnightS8,0xfa7d5a5ea50989fc25550001f1a48f8ad9e8b0a4
457,88151496403E35F3,Kiminot0,0x777c791274e63137696bc6dcb5cca1a9927c3fbc
458,E09C5230930D786D,Kanggggg,0x290da9d4e04711bb75d76812118b88e4d65121e2
459,3E8B39097AEAD112,Jacksolutt,0xc38e07206018140040c940a8cb4102e76c23cb16
460,28F77AA2BF6D66B4,JayMin1,0x6f48f870cea62930efd45ebebca0e9bec5d17fc6
461,C7B94D100CDE27DB,Arie$,0x04accb2c2835f0fedb1cd67a644d3ebba49c7399
462,620183F3E76F557E,PJ_Cutie`,0xc7b5fd14f77bd74ff19e104ae261dfb817f651df
463,3E718F4DAA0BDF33,CelebiVn,0xc16ec6906d4c261e459ee414b91b014824b7476b
464,C9E15FA33163E369,Ga3112,0x3ab54f136b16580984fb74be543c024a8ff7e43a
465,3B933AB44EAE28C2,LyXinh11,0xaf33eed30808cf2e4c3a02d10f860da0c713c16d
466,388B5679586DD0E7,Kunx3,0x8cb167330c4d73571a8079e73e7fa73e34f10e68
467,2CD415DE0FB8B83C,Horrory,0x26a0142507b550442b448ad1d3c2a2dcd0fa3174
468,24DE2F69C964AF83,21John_,0x471906c27d7d766aebee460365ba7a8c46283afa
469,F5E709A8F212D1C1,longhero123,0x5fd1079ad7a6254c8cfaa49d10e01d802946c123
470,B761D26734E5D359,Rcoky,0x2a1b27dd627015e5845412d14af1d68373dc1686
471,97EF733FB0BAE794,Spectrum24,0x0b67dcc8b7d3ba7eea8786ba30e553258135ece8
472,52456E39DF7483B0,Katakiri1,0x51e1e05071eb53c748a0654a2184b4e7fd2783ca
473,4A3595806F1C278D,32165874,0x471b953a2185e3d5f5416b5fe744fffc0891b89f
474,F7F8C77F31D4841D,Sosekii,0x2db8a8184bb49a964d69c3b24091d83d2eed75ac
475,E6149B86D3923D31,fang1,0xb6bdd9682fbd1bc1b8250463c4e938eee69ea5de
476,DEF7E4336B51C41E,11225,0x2ff85b0660539078c99ff12dc8d708ce67cc1676
477,22C92C61251A6709,OT.Kihu,0x5be57863c1f0d18de18bdb806e3338f09f9fb5c8
478,B79420DA3A90B68,JFahz,0xc26f8b76fdda14f0cd177c01160e722c5b2789ec
479,F25941493A8AE0FF,CROWNY,0xc7a94d1db95c2abce5597148226eb87eaa4d8c91
480,DAD02000D1CE35D7,Danh123,0x526c422f2831b0d246ff9d8ea96d2bee8f4859f6
481,D4B212338FB01535,fedogs,0x149b6654a4e70578d08a9d05986816359a8a2306
482,D43A61EDEE0B5482,DaBig1,0xf3eb875840e6c2fa8d7a073da3025ee36fa741de
483,AE12E78EE55324E4,qanguyen6,0xd687b97ec5430d0fe3f49c3fcc42fe4146ba8ed8
484,ABDD65D46965304B,Bkfetpro1,0x11169b0d874765ac68d99fbfc5faf22367f68c95
485,9264EF3FB5975239,cocola,0xc59d033b5e5caeb2f28d5258845889e9304a54e1
486,3254B5A2F9F04EDE,Sythpro,0x1886a3b0f5d3edde07df2c500b6d99192500e605
487,BC2F071E4C85F6D5,Dannyyyyyy,0x1f2d763910d0bfe1b78d2881e791d08862259014
488,BAF4716FB41BC8EB,MongkonchaiH,0xc0f3a5682e1c970f7d02d6f10a02b5c94d8c9ec1
489,AFBB5699C9CEE2FA,Behahiiiii,0x5bda39c91484bb964f814032c7efb7ac43c11be6
490,938D5266966DF495,Jason123,0x70e6ade1b7d0ac404557b793313b0334861f79fb
491,45E59CB018665A1C,MAKUU,0xd62aad6641cee4cf41ec8296322a4bf22c68f987
492,FBC9CA374C6CC1D,JoeJaru,0x0db9da9b78faee961251710df287cc6824b5d38c
493,4272DCED16398C6,ZODD,0xeb2aeda17e753c63993ec53e5533d7538c6fddf7
494,FE15D54390DE829D,Leo:))))))P,0x826acc084c4cb9afa4ef41847d16937740f7e57d
495,E6845EE31E745443,Brownstone42,0x794019c864d1d410b308f48a0be076d47dcd6612
496,B77226BCC7D85DD9,YedTaMae,0x0a888adce666a678bc3a7b9cbf884cc90ef07a8a
497,5CF8896BD18764FF,com3,0xad28031550b782def0b5b3ca15002afa913b509e
498,3275494ACBC812EF,bluenize,0xde5fa9ec4c35415a0422fdcde3d0a4e6e9238c4c
499,1810454BF1198C61,Echigoya,0x19fcb3da1830e93524ebd999ec022a0e1d307446
500,FFE7C2410C839DB7,RRRRRRRRR,0xa97f2542ef392b44a8dc7ea3e058239ec2304233
501,D92EAF3B4AE23962,STAR☆GO,0xc3cca49bad28b8cb9422f025fad8043900e73f06
502,B9270B5E9A71ABE3,Arknapedia,0xb1577aa96e6c309c7a890c3842d726741c81ebb5
503,8A245F97EF9A6F89,TruongTon1,0xc3e92e58771ca69081bfc127f5c855a30742cbf2
504,8553ECEBEB45F717,Luluxa96,0x74ddda5a9a1155be15376a8a500b1390be50f51c
505,712CFAEA715F0695,ĐenDâu102,0x4ec1e2b8cbe1317491cc869199c0ba65acee389a
506,6E94CE8402427999,Kupin,0x850ded440f7d1b221d501f4d663f90e5404830dc
507,5E2FB091B0F460F3,LASTED,0x3b8ea40fad82dd5af0f0ffd6eea26b101f364c63
508,1EC1727A34217C82,LongLe123,0x1baabebee8ae506a34b6834d42b8c42b62b0f52e
509,40383A6A22220031,HuuHai,0x4848b4eef9ffbd8b7d1aee41f6409e7872a9d0c9
510,1C9E5DA62AD97A1A,HungDung,0x6f624f091c8c3189f5c0e5018d9b8c95163505e9
511,E78429DB63C2A51E,avaloc,0xc9e7514edd69862bea1ee8c3de38bfc961e61d3b
512,BCEB687D96AA81EC,thaonhi,0xca18fae912b594908fc4f12288f39ec966ab6891
513,BB4EF0672BB3FF31,GiangHoHP,0x3d63884faffc8630d5f6e08444cc174184c50393
514,A7493732BC1A1D10,SeraphX,0xbee089cfa347e4faf57c0b0f98ab81a6343b9bee
515,9DDC4A6C94F223EA,WOW,0x6407da2d68bc27746e9e7539a1f69ff03e6f7a13
516,64D695CE88CF9781,DollarX168,0x6063fdc4f8f535f51ff7916bc4c1c4bef9adb427
517,57A20DA574D05D49,kazegorath,0x13bcf7399d0bc5e0f099d48aa0e3964ef42b2d80
518,70BF208493E7A47,David,0xce10693568399eba4867454bff51e929cecd270b
519,DEB54D3E3FEDB9BF,Abeee,0x0c6582b687f8673dbb8056a30381c6bc378c0092
520,A6B83A52450A1120,Shiro,0xc3aa6e0da7788b9e7e30a810a3439e3bdb2e2f52
521,28B7F68B30F0F457,brk,0xed5bd143ab90e84eb86a04143e2104de8a4874a9
522,194A0650D4B55DDD,Dun,0x753a66aa07f83aa84a2951f34eff9dbfd2ca32a4
523,3BA4BB58B823533,Nohssiwi,0xa65eda7fe7a94fb271dcd385b880ac35a1ebd347
524,FFA6D2C0F678F169,nuky_1,0x76206141ebf51692db1f4114fc483df624124bd7
525,F5485E7F0DC26A57,MacVu,0xec9c4d871a1530ba2f08b8de27603a18c33685b2
526,F36360B7A60232E8,Rayz1989,0xe8f2d0924ac3217f2e9d9d28df1c0ce4a80f07d9
527,72C1CD1E4186929A,Soneca,0x6df4cdd5737cbc3d203405b1efb8d69861ff7d30
528,718D8F75A0963714,Zeref,0xaf43475dd1dfcdbd4e361402b222ec6aa83ae031
529,1654334DBC8E3ECC,ACZ,0x40ff46d55942d9cc25e86c3826cd28f19f01289d
530,F9327E3B207B2499,Kemchuoi,0x52d15400d579753563c2a37e7f1bd6307cdf189a
531,B8C7531E37865423,Dekswag,0x9bd7d6d8315ffa8ee72dabbb8c513a12e1fa4bc5
532,992BC5D27F96ABC2,nulube,0xb716ad2ce56d468d8d3997d704984668bc6d6aa4
533,6128213F85057028,SSprowsK,0x6e30ae00655362d01629b2b8af750f5b954de1db
534,5F4E7E9A5EBE269A,HELLO,0x89376e56e80201063471e8fe5ba7274efaa22d2e
535,4049C772186F7433,Kitaxx,0x29d208f877924a1d7ff385463c78960e05aae7d5
536,EA9287546925FE8A,iCosta,0xf23c9d21bc9eeae4161ba62f975b1771490e86d8
537,B83DDDE89C9960D5,Avengers,0xb3d3982c44c262fd2074f9e91de74f78243fc24f
538,58255D6EB5D63141,Wulkong,0x140c563aab52bfea66f5e3aecfa87d86e718466a
539,4C4A71C400392482,Mhoonheena,0xbc7862200749d20c7d0159c144b5dd717caa2106
540,E7444B48EF58383C,Maine,0xb9078adf925ec0886588d8ae51c59b9188c54812
541,E1B2EBFCD314B23B,minhanh2,0xfccb27cf6e9d6f8ff74c439f132bab42fccb0abd
542,BFC09AB18529DA1C,meoweiei55,0xd82b5537818f437d8d7e2ca897e28461eb870303
543,9B7C349C2E50E278,LittleCold,0x744c5029dc974e043d304fd94639314193bc6ea5
544,7D95D07694C3CB46,letuan1st,0x897808d6abe9451adabeb3e48262be93be8b7b46
545,61865F65C116AE96,OT.Limmi,0xfd7d2c1981fe9218117e58aecae71acf94c13a02
546,4A2028A1D5587078,Casvi,0xbcc3382fadb8297e02aed5eebd7ec80d2487c802
547,E6CBFBA5E733283,Tweedledeee,0x372d8bb2cac1b8b73ac5a4d2e900e55cf71d018a
548,6103CCEBC565B98,KissVn,0x0b22c9bf6109305fb194c1c3f42fc3e28839d802
549,F1E78E1539651DBD,Oh-My-God,0x051dc5e01154c09e9b4e7caaf846cfc882120ccd
550,EDD29CE8B40520EA,Gia_An_Idol,0xf4b91f0e8fea2388b4f2ad9b1422b55e27e80fc8
551,755CA125E80108D4,NTByung1,0x8e498aea68b5af66023aa0eacec9e8f7abfaeba6
552,18ED6147BBB28577,sungthancong,0xa7d5a8acf8fa80f88c09d604033e5d712ce679ad
553,DE88EC1A0D4F9CA2,LASTIK,0x4e4601b7821c4c86c7e31ec3840ad728b51dc3f5
554,8C460F67FE1BE3F0,Doppelz9,0x45882d9bacd3c5048056d85ee2a6414ffaa722ee
555,57333F65F3E75EFF,Trieu,0xd4df34bc12d0cf06828705572881bd60acc7f26e
556,14F8D0065A58B619,banhmifree,0x515867f0ce95b78fff5bbe4f7ebdc83256679a56
557,F61D5D3FD7FE23C7,Koble,0x7fb00ac860e88f17a52c3f692a309bf2f82d0518
558,AA89DB9F4678D11B,B4RBIE,0x0cb167e717bf87d20429662787c4b38352a0ee75
559,87F8882CA071EF16,Btek1892,0x54b9ba02638e6c8d9720f448cc5be479f5ca1f56
560,7A486533497C3157,tksmnzzz,0x34195de2be302204e8810e321bee630e8ca991b8
561,55D8183CE8974522,ZzHunterXx,0x41777542637082d1afdcfcfc6cb9b78cf30fb293
562,461F74B35383BD76,Chrt,0x7fc451f66231fc1cb3c300cdf3dffa8da80707ef
563,403369801FE500F1,noATK,0xeb56ab923f09648e3106d24174f109dcfbc5a80b
564,DDC7438E678EAD9D,RyanTran1,0x79f2634052894f26b94bfa3ec9eff6ed16ce9363
565,DB5C5FD6CC918081,LASTEDOF,0xc9210fd2a2170af5920efe60bb273ed3c427dea7
566,9C6F7094BC9DEA3C,Jimber,0x6f50ff53ce78ea24af85acd8b3b3e9e4536dc2b2
567,43CB715D590E8338,NHTP,0x406570179143a9d9e1f95dbd01f8b782113367a0
568,CE0BA05A1FB5D25,concubikbay,0xbcc1c277e3cbaf2b7e63a97cf33d1f92c1848fec
569,B144F5EAB0E329FA,~AOF!++,0xe1712baa9805dd062426d961467660a23d0aaf62
570,8AC8C64906619415,LostGrounds,0x465564b426daa87cc83716e26a40c999d8a03b1b
571,6498A6D879148AAF,TIEUVUSUSU,0x7ec44b9b3734a8e804148933f8e7cf2099f4d213
572,A81EB5DF2C96DFE,MechMaster1,0x13634eb2b0e736b541df51ff30c2b461c38ac5b1
573,6F1752C3720336C9,Jindo,0x7b8ab91c5e3e2a68ba04c617e9d442f4c1732de2
574,5BF4766E4382C1FB,Top10VN,0xc8469deb5ddce7375faed8fe01d910c18e020ca4
575,5833F629A91EBA54,OT.Giang,0xc7c2b55fe9640fc80003efac32f868c1ab031c5c
576,3A4786F69F569D82,Binmaster,0x54fde5b476fa034a1e64ad6a95bcaf87c56ca2c0
577,4844765C67F06B,Feata,0x730550eb52f0c26c09b4892865eabc554cdbd090
578,F9D66B1BD463DC9A,DoggoinamoLa,0xd5767b208c39e58ac9209c0dec07102d886d59e7
579,C4D1BD22AC816525,Moofiol2,0x020983b4548a8d9cd311bd929e5873c1c4015cc4
580,641EFBF0B48B5BB6,Locke,0xaf405784ab0c6a482144703d1f314d76f4b1a148
581,54B21EA43CA547FE,avcw,0x61782fbe562fc4ec7b67de0f2e0c0326d03975d3
582,B64A316F2E03354,Ticketiviv,0xa2d4d0356a90f1ea6bc5e1ac4506afc25a82f4cb
583,EFC54F0EEF080C29,Shuchi_SRP,0x5d734a1377e0b37af9b60c08b058fa0885014a91
584,D8D0627109961C14,SaiPan_crv,0x872c67bffcc52859ee35a21ebc0cc51cf1cf3221
585,877EC5BC9E11CE04,VP3res,0xdcb25c7f5c128885345c383705af14058469a4e7
586,845E65D875E8DE55,C�Chu_i,0x33644b75902e6563d9ea1a8d50eb5dec8974c3f6
587,74187A2D38B01388,Polkadoge,0x5e44df775407e1c0c9816511ba3c9bba493e80d7
588,5F0CAEB87D1559C3,tunirisss,0xb626645d817fa8429fd48df83394427fc078b511
589,57810BCC42BF5D51,Loraelboon,0x2d560d4ea394d71d1d9b38e310c51048e2872d98
590,48C82E5C629BE976,AnTam,0x5b1e724742d635fd1857c8dd94f8e6fc7654de5a
591,2560A4E5D9BB5B57,HOMELUKAI,0x5595fcdc55f6416eb36f5619ca667c1c45a53068
592,23DC779800CFEF3F,TeixeiraXDD,0x31028d3ab826ca4b421edfb54092dd6fe1ac7f84
593,EA790659176D4949,PINUJ5362,0x15981a00362aedab6516ceb2e6599a04508d70f0
594,E08F72794DE0C652,H_cNguy_n96,0xe8f8768264f7a8ca52413e12bcdffc01ed509c28
595,C48222870772ACA5,H_ngMario,0xc6a2a924b753e37e884cf2ad60460c05e8020a17
596,95DBD1C59D4B078B,Tlink1,0xc6b372e6da2288d8db7a3e6487b07879d25dc137
597,3CC4BFBEF6DCAB9E,Lufychan,0xbf155577187a622667ae25cb7d6c1e73a45398f0
598,392597F9334C42DB,Ogz,0x2e4e3049e690d115aec8de34fc47fde67041c6c5
599,38D002CE328C150A,natasa881,0xa4e98ecd46042105cc0fb66f2afed39e2e7c0f1f
600,422BBF69D55C981,RibbinZZi,0x1dc63c20fac83e999eb93e4383a5ab991edd01d2
601,3DF4D9E5AA6D2FF,linhnm11,0x274e0ee4f7851e82bfe75991eb9e64de057b15b4
602,BC4CF2D3AE7EA2F3,YesPed,0xe92943483ed0b15f6fb5a4294f38b9dd7b3a8551
603,6BAAFAB46BB26638,heYeh,0xc7ed1d483f8de2a4eafba1a4ddd92ad47d92271c
604,7D0C37E6390ADBF,Calinoo,0x989493a611ccbcb4dabdcd469aa763142cdc7691
605,26EB17BFF33EAF5,SG1,0xebc62c0496862d0cf655edd90e6994952f4af02b
606,B7461CAD261775A7,funnunnun,0x8772689d557a4e8dafa44ee63ae2fa04f2b953db
607,9B250FA61E0B5A14,Hanoi21,0x70552ae8a4f61865c91307197334a1c845235223
608,8CB35B018C0E579D,HETOTHEMOON,0xc8163e36b4ae8885347c2621eeca527f70d81adb
609,7F3077701BAF6AE8,Dralt,0x3b17edca12b0b72145412d86d08e8366291c59cf
610,1EB0163FA648D59F,DecoJr,0xdc2a69e8534c0f78619db1ad41d05cce72e5ea66
611,E26A4755D48BD74,OTDragon,0x10ee7a2f81b752cd5ee413965fa8de73fe3e5062
612,E0AFAF71D6DCAD46,haonguyen,0xd6effd1b9b42e91fc9e41a8dc3c29473c38e139b
613,D1B54B0BD00F5852,JARNGAP.,0x68c5ab44808b4f4212a4cd929ad2e0a3744a39c6
614,BC23FC10475BE976,A14Shado,0x0d144123815f48abaeb4840a217f0df24a72113e
615,827D9C89FD2ECF86,vjzaymin,0xb802618eab9bfa126aa163212baf18e5d5ddd43c
616,751E4D76CA73489D,warisara),0x59b443442ef9c2eb1ec6cfd666eeb8bda725dc02
617,5D1FC5C8C14BC1A4,MKCr,0x0ec59a9fba11177d20d2437526e14522429be439
618,17681876F3A19B3A,Yuukii,0xec3003e36976e3c290293d58fa75d630952a3102
619,F45B1528B84DE5E4,XDragon,0x7c0130560346fdf7876a8308cc3aaec76044f0db
620,D0CDB4B9192A1A7F,mavitcontv,0x069bada13564fe6bca4cb97d93f9e0aaab237e8e
621,C87F0ACD665456CC,TheOcean,0xfdea163dadb242f97453d5fe27d079c349ecd282
622,C43E2DC41E06EA4C,Reicheruuu,0xbabcf928b7a0695a6055e44036a7ea710a12cb23
623,7B6BF36403ECD263,payutnahee,0x19d9314e64b7bd5cf9a053141905487ae1541851
624,75780EBD36878832,motic,0x4139585a2edf311492b48a0ae44f29322a7ba5d9
625,31D8DF603DA9F51A,Phongkun,0xfb2dd862687750afaee634be3ea11377d0abbbbe
626,2C046726DD99154A,Artorias,0x1ccdcbdbf15a90408fd9c24373f056e3d3d34e60
627,215CE290CB744F4A,OT.HulkOnTop,0x5deb1c8b3b517b98cedf2210807045b2770adb74
628,1E3D06C8D21BCB5F,Shinuki,0x5adb100085e0883efeaee58955be5b5d182e1e0b
629,528E72ADFBA1000,kurimanjuu9,0x4806301e3565d4e364c22732529d457bc5cf278d
630,FD60B0A42AF53861,JonasVipPro,0x79741551c863d87bc3b483b964fe00b4348d3b72
631,D7A768E332041AB6,Doniper2,0x0a8eba86d20b1d945d637beffd7e429aa135c240
632,5D4014D4178BB0EC,Sandoitch,0x1b3558912d640ea08c214d4d5299bc0fc84ecb88
633,42A589793BA155E7,BenSei,0x92f8d4358c93d88cc026d9ba4e5b72f50acb7512
634,A6AE4566FC9FFAC,LOVELY1,0x30d53cde68dcf826b845c11fc5d5f07e42ea863b
635,A1496CC440E3DCA,super,0xe8393aaff7d3db0ee3a56a6bd59a4359192aacf1
636,EBD8F9911EFBC70F,ZOZ,0x541f55966b4f4afeed45854a5f8670d103ff367b
637,C6C80E561AD17820,Dantee,0xce3413adfceac5406d6a82f91a9bb67e98563338
638,B20AB940A8E1F034,Tiger-T,0x463c1f144f71cc070d17c917c9f5ac1b2c8f307c
639,7EC910CDBD5AC31E,Askaf,0xd2a1335e0d24b991ab2da796226246d4671b8a40
640,1A5B28889F3D3910,NoobGamers,0xb69b09b4ac684a3969d7dbb3b1d1fab0740ac47f
641,13E2BE8175FA1A14,Killua,0xff9884edad351d19daf45743eb1a8b188a3afd2d
642,E9355567AE90925E,Mikao,0x4872881dbeb99289ceea93bf6e924b7eacc76115
643,707720B053BFD7C8,EzBuszs,0xa132e24ad2c791aac348a96308b60ac86dee090d
644,6B59658444ABEC85,TheDaath,0xfa24879b36c0395639e158918a3677d3d4f77331
645,44E154FEEA3A6A1D,The_A13,0x8ddfc19cdbfa7977e9512488d70d9389c485d42f
646,3595F9FA28FBD259,MalibuTH,0xdaf458bafe809a83a140e2a93656d95f7344ce1a
647,109A2E8C48641AC9,Sindfine-,0xc532874f83bb76b5d722c566858850adef60c43e
648,DCE082C3DCD3FB43,Wrath,0x358fd8e5ee0964d68a097bffa61612d112730ddb
649,C51F943E48DE8FA5,Kings,0x56532f8987cb3381c160330915a50173b3a0b944
650,668C4696140F9A32,Loucifer,0xb0e4487b3b849bddc77fd80292580e426ab1b879
651,55FB050639B7DC16,SG-B�Ph�pS_,0xce45b1633763b44b1946ba1bd3df5f7c39f72812
652,13B77D9DCD6A027C,Nam,0x10b4765cced70e268d0634c80b373b50bcdab37c
653,EB43B8C57449D644,ZeroMk3,0xf6f68aedca0b93f0868398577f22bee684908056
654,B5FA0D985C25356D,udka,0x2d7f081dcd5ca3b677ac57a91fb40531d56c517e
655,A00A61618AAA1B5D,Datery12,0x552d1d65cd7f90ee1f79e13a5bbc743dcaa24c1c
656,9E29A4CF6ECB2744,FastFinger,0xc6172fa18bbdf61aee9afdf0fe6a6f35813cea5b
657,6F5CA96FFD14006F,cubihuhu,0x79f9d746e61e42489e6256301fe99eb6ce686386
658,3F83531EF8342890,Nanook,0x61ff8aae302d33406cebaf4fe8370135ab88bba3
659,13A3A32A0186ECC0,FHAME,0xa5e9f144d27dd220b27f9145d5c5ecff960dcd7e
660,C3F972092BF9FC40,YohzyxTH,0x2c6b9b35fc2293f609f861e77177e5e0a810110a
661,C1976F26C6B8D27D,jeudem,0xe9a21b69d644fa06c28518196252cfff263b8bd1
662,A1FEA39C5F85C8FC,***STAR***,0x3611aa1e04ec617807704c3b434261ac334a4807
663,9CACF96E3D84FC7D,100HP111,0x53700210c3df9b134e2fed67467f4a3be44a3fe9
664,9A0DFA091A4E8B18,nguoidumuc,0xecfaab3a4655ac6eda04b6134c4a0e1347fec95b
665,90001DED520ECD2E,white,0x757680b4603d31c2f5ebffdd09ada0af50876921
666,89216B56173704A1,Matcha33,0x09710cbd4d4de0df4c2d590609edb133d30f2f68
667,87AB6234E9938A3A,NHKD,0xa098ff02e9e4523949270079bfaed3754655e1e6
668,780D7AD79208CC38,Yuoojekk,0x121f886ef76e3b6b5ee1f935e81ceb4b57fe9380
669,52DD5F7BB0D141A7,Deviluke1996,0x4dfda814c57ef544430f031025120b4a7f65ca71
670,2742E8619D71F8EB,Jessi,0xb4e46f829990ef7ecee259f4156d1f9c113d62d9
671,D3210973BD4B31F9,ken,0xe189f9259fc63e1c4dd5d701827e4e7b9a7f9244
672,B7849F0A4D8E48C7,Beherite,0x01651036468c847f5f97e2b9ebd3e203e3593f94
673,8C7FAC8500522641,Midad|Kiwi,0x1c9e7569acde8f2d55a4bd558f4670baea4a52ae
674,63242CF704BF80B1,kikovigoss,0xdb15c6559d739a07e0bb05fb8be31c39fcef7035
675,FF02B208D31364A,DeVoLi,0x288c59834233fefefffe822f58b83a09030c2106
676,F0B46D5F123D2C13,Hoailinh,0x38aadac9bcf40cafdd8e7537369932ed1c828731
677,E5DA82C9CAC58EC4,senba,0xdb449427c7a5b913428eb64d261d37e9d9107c87
678,7F436CD0870E9067,PlayerTB,0x3b60f1dcece4cdd2d6c00087df529184f6f159d4
679,7730A33C894A548D,cujkfj,0x9e010ad9312d8e4ea01bbe7f29dceab41af8ed88
680,50ACBFF6D355856C,anuchaa,0xdbb37712920e6ffc8839f376a0ac9bffbb3ea9ca
681,A0819F2D7D234C16,alaloae,0xbf02a4bf08cc333f56fe70ef42fe77765df7dfa4
682,8C0F0A2D4E13C4B8,Eazti,0x96377e947c88b68144a18f4fd88d3beefef753f2
683,863B2DDA11E9562D,Sephirita,0x1f1e984b3091be9279069ebbd4bfbf2715c589fe
684,52950331ED20AF67,__c_Qu�n,0x5a41a1b1a22476eb156bfcbf629cd1d168b89085
685,148AD4130C1FBAE8,RamaXLL,0x7e93dcef2c8ced00a167eabfebb45c57ce2fc9df
686,11448E6B68C4015C,VSaran,0xd51044e895e48072904684916d1a5d7cb23e5de7
687,5A0F0CF3F2C60AD7,CERVEJA,0x1f905bdb16e1719861cf42dae37fe284fef89d04
688,3DE689D640E8D5DD,ym9577,0x928b80ca76303bcdcb7a840a2c81ff585321cd5c
689,295BCB1EBF49131,wzD,0x7b15077c9c7822cfbf55d57aacad47e2bfbcc3cb
690,F28EC411B88DDD8E,AAKI87,0xa0aeadba43d2b7249799130f988a617ff40a0aac
691,D4D2E5EDA23B0D98,thiagogb,0x56a55a461b5a4731e9b0c28e8318936e9db9f79f
692,6DF6835FB51A3FAB,duymanh1,0x5b1b31d0b8cbd34612b4ffa5c578c5610042292a
693,47749FA403D7735C,Gunner,0xff12c17d337b5556e83b8e0d4dc603aa57437b92
694,301069A92FB34EC6,MowVei,0xb0018c7597e8f5d560ead8e528e50bacacaa4428
695,D6A6DFDA363DE8AC,Brunolos,0x495d82fd9ecf2b7b4b40a1bafe52e827093d0b5a
696,C73CE9A8AC90D8EE,Gaenvan1,0x0469de238c5652088da9e6d596672f74c576546e
697,9502BCFEA5CE2729,anhHuymake,0xc7ed4a86cddb9cc787627312f63996f4ddb1e5a1
698,C4BE90759D67F1A8,Petanicuan,0x60af13c71fe0cd7a1d930a724f27c8549e32083d
699,C2DDD647C1176C4F,Azog,0x3989c43507bb11c0db0685a67f6515623db6b150
700,5F8C73C63F7D60D9,fla,0x69b2bfb19e5508618d7db01764fc87ef8adcf4cb
701,48BBEEA965D22A90,Rampage,0x2f1be7e9d6f5ae564f82b7cdd79a3a51222e86ba
702,44419656177E9C7B,Hadilao,0x570ebbd3798b80edce3cb538c482fbb40c4068c6
703,29ABBD5DCE009ADD,JimNguyen,0xc3a714490fcc7079da3da7cad364383f9cb98152
704,815F5F6A99B543A2,dink,0x3ea85644c0d35522db62f6d638e0077736faebf9
705,714464329C820472,hehehehe,0x635ac3edbe7a522874614b6c9deb575a62d38a64
706,6973AB1EB4B4659D,Moskenn,0xe13b9bb1385f40671cfa340f230fcf04b965b912
707,5C0C12569A5A4DE7,wah,0x280e2f35c75797e58210663cdcba2c1bf750f9a6
708,4A6257CDA6D7516B,Lilacx,0x6be4abe77854ac282c0d9fd3b3a6de4b525334d8
709,3B7812AF5165C6CD,Lusiano,0xbf9cec652a916ae9b2b2c1bdf9e47493706c5b85
710,366CD365F242B4C3,GroupGopnaja,0x674a99d238758e8b1c1aa4b90a32837b5fe75365
711,2A48C58181288BC9,ToFe0,0xdd6605f86298ba62a6c0e29aed73631d533df526
712,2287BD1CF33B564A,BeerXI,0x2803dd09092a3bbc5f2557b547409443fc2a4f64
713,7E4E4C6260AA96EF,Zynxiaa,0xd19f6fe93e6f45c12635d3167e07a06406a7d3b8
714,4CB1BD844FFE5802,SoulDa,0x8ef72d4d9da0aa20d31f8d7ea6c4b0bb796d005d
715,426BE87BEF6A0D6F,an_carvalh0,0x979d74764fb9356aae74448bbb18adc9be834e64
716,362FAD0CD6FD6C62,Yatoro,0x695924010967b1b76d2d606ef881ce2d0637e165
717,33A6A137B54CFE1C,OT.Kaytran99,0x51c99cd87f19a0633f45b34527f1801da793380b
718,1AD21AA18F2F7879,Mrd..exe,0x8c4c8547753c99ea803b981522053a6862720082
719,1CF4DD65830160D,Scoopydoo,0x796530a7a5c7f54708d59d8bd961ea8de94f383a
720,F7FB24892E988EF0,boomryu,0x45cf1f45a352aaa65ffc62198bfe4f73bf2383ff
721,F0F36FC8B80C5071,Kaksman,0xface39ebac9f98c641904f9f59844ea8c48cd617
722,C1A83649ACE8ACAA,Oelldt,0xc984a9eac15fee46fd214e63027e94862a8ab9a0
723,B9CEFB200777FC6B,KKK,0x448f83e988f08e022e10d2f084b610d1776494d7
724,97A712762CDA8332,arrowfenix,0x7540c6c79b3fdbe8a76f9edd5e2698e0687bea8b
725,629DB1412CFE8D27,BrainToWin,0x91813c6860174b453f85ca577d91c3d5da74d87d
726,9ECCB71A251D9C3,anhladacap,0x34d873f5f9266ee8b49dbb392e4744718eaa2483
727,BE96A1FA78E58B0A,IMT_REAPER,0x0909726d6905ae79635168ecb8d31bd189164078
728,973CEF939D45450A,Nodo,0x28e49781e6e2ff0d9c2e5b828f254d2beb8ff656
729,5B92BDA5A202F876,truclam,0x40b1def3fed2f75ba461e306ce18425345c0c766
730,AF48AD1FDCCBCD5,LYN9494,0x24c9c8a61b49d367b5c8d5a23915ad4e67633255
731,F231C33FC1CC9B8D,_BOATHUB,0x51dceb17189d016fb1e2efdfd195f5342982e40b
732,BE0643F8042B7973,urDADe,0x06b7e8e22a22871bfde22c86367f2edcbe922964
733,8F9DD05975168AD2,khunjudy59,0xf8e982c9237c31264757bfb99417c9b542083d2a
734,73BC91BAEBCD5BA7,Pink2903,0xc6eaacaa6de1b7c98ff558da46e0bbd62a333885
735,67B40B62AD27F01E,JackNguyenOT,0x8713307fdbb21d9015d8a4e8bbea13c2ec1a34d1
736,1A105A0CF1F4E50C,D.Kane1,0x418465c183c47a0854e6e85ccd8aee86efdf5646
737,B2860804EA153042,chauthai1985,0x9f53715438e7c1317f7adfcaffb1d20fdc73a747
738,AB0E4B7700A2ECA2,thientam332,0x167836f53ee3325a1603b7a4bf84d0df21eee9fc
739,7D4EE8C24F596642,iCrazzyDog,0x2192167f26e07aca0befd4bf28b1d760932a04f5
740,6E27C6D1946F55E2,xoxphantom,0x5d4d1ee2d566085a96140df1c97a848de80d747f
741,4AA3024007651A1D,VitaminE,0xc29a3f4eabf1548140a6923d8ab32494d322c43f
742,F462C89C2C2DE7E3,LadyMarry,0xae0f84ccb313777f8483a6719bc9d2de3591b3a8
743,EC5B59BB894D08D8,Rainy,0xb23160c2626bd99798402f6b4ec522e4096ff470
744,BFFAB042D47CAD62,Maxbmt,0x5e87e6b2177f00324b682f55fb096b31d82af5f0
745,2463C77B923C2716,AzIchigozB,0xb30db184fa2b8f076b46a0b219af99df08b5c424
746,D382995035C3313,phonecyber,0xf09cf62f53c4ed30a77f884f730f3d4bdd453a5d
747,85635BE8DCD452FF,Tweedleedlum,0xad9869900fbf49f506fee2bbb523076059c6d1a8
748,7EFFBDB534EA1A53,BossHero,0x4fb6778282f78a952759d2076046ab95bab4f742
749,67B61DCB57BABA20,Vi_tNamTr�m,0x84493d1840cab97299f9b9ed78d5a3db85257434
750,581FE7A86788103F,Zeles,0x29cf260266d9ba76623ff50b8bea7a7bab543dcc
751,479500A0B5519287,Tiktiks,0x7e31c60d489c4b06c49acbc03098e62a551d206a
752,38F1C018A9F1B7A7,Copy_,0x27d9ac294fa1889a0fb32b4e1fd10efa3645b56a
753,4B0D6443DD1E880,Dungslaker,0x77c535390497058e755d50309dc5c83100eb6c52
754,D2FEC30981EC79D5,Odir,0x329a9b219baec8b5ddd15a68e871aab77a93e114
755,A879F129433F21D3,GOMEN,0x241ca6e4a328556400cfbc08d5e930cee49c1843
756,A72CD5308554B612,caokhanhdat,0xcff0e3608026c5d091d3222d84f757136fb03d07
757,905E0DD88A5F93BB,Lakdodo1,0xf797bcde125ece14dfc3e8a87a18dc828412dfb6
758,4AD490550F09CFB8,ClayQuys,0x18e0a787925d8cde3df86cf8d6d2501edea8ba48
759,26F163118A21243A,WanaMar,0xd9437ecdc8e47d0bb38e3ebd35e8dd589b174147
760,151BA7CE96363D6C,THH,0x0977992f2da058190f73d3a8e1fb1f40b32bf042
761,CA6189F1D5FE6E9D,tuananhehe,0x4c5b694d622ff593d56ecd60e4b887171c7b801d
762,B1003983D4A18A9D,Potz0045,0xbd9f689c8afbad6d5ab9bd8c2e86b8dbcfdf6880
763,AA9E5AF23D2C1C21,HRZX,0x1780b710889c62afc2b0c7c4a85df5f54a529c32
764,93E332681AC05E93,LionHeart,0x881b085d9c9ff9b677aa73b0bb4a6ef91ce5a965
765,7F8CB2C59527251A,khanhgau2,0x35a291430977073b1496edae3fa10298d313f85d
766,4DADDF2FC6258F1F,Samu3LL,0x223b6c19253e76889978e866500321a4bcea5c43
767,3A137A594B952BED,BLockChannel,0x6d2ff65e25e94ead8fcf08b612bbd768b13a53b9
768,2D8C24C840CE87DC,LASTIKOF,0xa449ec6eac265beff4ff7a42d8adbcd1feb42f8b
769,200CD76330450E27,dinheiro,0x671083d072fe5f8a8aecd532438efc325cc7ea49
770,1AE90F9AD04D27FE,ViTi3uTrau,0x01e1b4f0aa771a5ae02ff72092c5a2a4b57a8ef3
771,6A4B9B63E33CBCA6,FoNgZaBoO,0x5550bc9f2fba0605c93e4c9c034127ce0880436b
772,BC8952199E23281,longkaer,0xccbce148f3f326f0ddd9f79b10adaa249d4cb284
773,E67BB464E3C5788F,Clx_beta,0xdebb7fb743adcc9e13e6abb9d15369f403d32d66
774,B315A6891A76AC69,kulastest1,0x59867dbb5534f84812eb4ceed06ed7a4b810c3c0
775,6AE5E3ADEC79E5B0,melbot,0x1a9aa405c96836e738fd88ef515403b598cde409
776,574D6E4C6DC26485,New1,0xf168a8de1b353c75a117d2808d51da5b36764be4
777,4771893EC77D821D,Feriez33,0x3b1f3974daf14c6385e58ea77cc29bfb994cfa5a
778,362A9AFC9EC5C866,Mr_PangPang,0xa0a54f14bd6d512b91f4e3cb5ba9858c98d80932
779,33EE46DCD6C17368,camau,0xf8f8054e8adfc079c83461dd475265d6702d1355
780,A8DCC852D4CE6F6F,ShinSoobin,0xaf75bd0a766b8ce0a77492a008ceb7b681476acf
781,A2ED87292C172758,Kodiakk,0x6c4af708380e33388fe5ac1e1e8fbacdebd80ae9
782,9AFB96151294B585,SubZero,0x1dadf999cf7af18292082f5ca381242b57264cde
783,8744379287B84A54,chrkdtl,0x8534c93a95ed79a0d0fc496fb4d8c19a6193f0a0
784,56E3CBC3BE4A44F0,Cetapillll,0x76d7bb88ad5c8d329fdf6f56f49d9abb82693241
785,4EEB0358FA6F2E71,KLOKLOoo,0x7229058e15a790e1f338da490c3931d53e11738c
786,2E20E70F57FA631A,Fluffycat,0x210724b43c35377297a55a628d571fd302c5e3bc
787,F49680D401986DA,Han-Solox,0x0ca729481c61bbb57cafe02fc894f4b19e399f93
788,FC588445F5158697,noka,0x877444579532453050720ced6a8a66c0c60b04c8
789,D010A06F2FD8576F,simbolgrayy,0x333a297b1aa614775ce511029009bc8b52561c59
790,CB880D473AB7044B,ph__ng,0x499de440577a61e013644023ba97398d3c9bef3c
791,9D93C2E57152971F,AnySoc1,0x0e5e089b0b8b2d94ec80114ccb6a6ea5652cba5d
792,9CC61297B1B15002,XuanTung,0xce552dd31321adf1d2be8971049730eda2211aaf
793,7F2DA0EA6CAD872B,MattJason,0xec88bdb4a54f0d12dd29286ff643cb3072ee39b4
794,68437ADF867CCC45,JOKES,0x588767499bd8a632645ad6ad74c952d21de8417c
795,26D3CC58ABF4E04C,brunorib,0x0c06b74a5901683d99a6ec95347f94e29210296d
796,D785CEA9B7855F1B,Daily420,0xe7557bec9cb491402be2515058a7f264a532db08
797,B125B5669D43DE95,iVirgoi,0x0f866e73b7ead6590a2393c7ead8745aa0dab28f
798,9EE07A8182148A78,heobeo94,0xa9cafc419c9ce1ede77640702b33f57d589822ac
799,5A4E4D8277F4103C,Duxaa,0xa682d39f4af1cc529ea31058ac3715f1ff96a2b7
800,527A2A7AF1BCC4AA,Sakaloko,0xc05444251077c989b15d5460490538c983277163
801,E7DE11FF026D2C38,?????,0x75210787e30a9777c05f37243edc4ff821d88516
802,2C79E207525C8198,DirtyPoPPy,0x1f0395baee87e767c8573ffb073b81df99e59112
803,923A15CEE8E90CA6,emtt,0x4c0906c80aaf697293ca782132b854d2394a8b55
804,83F158FE7A8182DF,TheODR,0x22a442ee835d7fbc05bddde79d3a97e97619784e
805,AD12EBAAD9DAC153,polkadot,0x68bcc87eed3ed6df577319f970aecc759ef9c7de
806,840367B835BA5558,nk@Kudasai,0xa526ea481bfaabf3d093d65ec5e11d8afb2cda50
807,77B30157A0F36F98,GLHF,0xa8bec5ef0dbcc3744a24896aea47095f28af4a28
808,5BEF5FC9EABCA78B,Degomax,0x9f655afe2fa878cc3842e39ee77a659caa0b52da
809,4F32FF3479D616CD,Hang999,0xeabf9e640868977e273a29b4a085bff8eeaa8894
810,200B9B663FF8F6E,Roy,0x72dfd5923e70b2137c8ffeaac2059769696df83f
811,BC9A9369F99F1509,GBM,0x3680b928d598e9ee2104d6b114e0c5b5936c0ddb
812,B16187421806CFE4,Kagawa92,0xccd3b288610f8d4cc34602478f0b9aaac0bb5976
813,731BB860A6DFC4DB,gwtdy985,0xcad8f2192a5713ccf9faf92f264c40d16fa79760
814,4732A5879CDEB560,farauso_001,0xf96b453acd15b5822a5c3a4ef4211ca58027c672
815,3552DD4F1567D3C7,n__d___h,0x7a353231179ac5792265a0f407bb7152b192f2ed
816,C98F730F0D5EBDE,nightsky3,0x33306d9ebbccd20132bd3b4313aa492f3e062996
817,FD5FF99B98E9BCAD,Hibino2,0x365ecc40d32172e58e67d07781ada4203cc45e36
818,ED153DFE15E1C272,NguyenD,0x388cdeea5468f547f61190a0dd09deb6716e5cab
819,A3AB6A877824A2C1,TOP1000PLS,0x82ec508c85d4271c1dc4e29e3b4808c9d3d62632
820,99158682D24CE61E,huyentrang22,0x05b238d0ebb0ea2265ec9d20f2b096f841dafa09
821,3547EC20C2E27D01,LoiKuBu,0xd07af6193693a1432f418e99a31afea2c8869e79
822,18CF500210128AEB,HELO123,0xc38da3b7ed3d5c9f974338d9cf34a0bd11cd6849
823,F5E31F513A67E6AA,Johnnyhorny,0xc5ea6292eb322e22b6260a75cd1c0163e818e2d5
824,E3B6566DC37A9C4F,kulas1,0x4dd08fac369e730be5e4592ac4a36c506ff28abf
825,C06925F4FE0EF6E6,SENGGG,0xd165237a2dec32e05481ff39600d936ba8ec3b9b
826,B94CB246548F37EC,123456789,0x28afecfa0d7530f264cf9cdeeb4ea3fecdc27028
827,B8B7CD57F31A990C,yooyoyoyoyo,0xa3afa12153b562b3f54c2b163f671d1c17fd3bcb
828,ABFB1D3091B32FEB,Vi001,0xad640ba699d3cc60056e01c9cbc24934c2ed624d
829,9A9B566475D94AD3,Rainy_Aze,0x5bf4e75d555a2c36fc4b5e5a566ecb3449436c31
830,75AFD617AED913D6,khoith1,0xc08ce10e44ce6a13bc4e072b64bb1ba5b0e75e49
831,4D0B8DB4C9EED78F,LETGO,0x2393c3b4313cb7147569ca8ce23f72cc84a9e514
832,46194D0BAD051EE4,TheSon,0x5324ceeb407c3bff17c644e6816228cec84048c6
833,26916266DBCBABFD,Yuube22,0xdca1f69cabd35d62079c7f28234ee5f444ec4c87
834,E9EA1241C07B4A07,Katekko,0x7991654b9353bc130da6a30bf37cd1f2ee096c93
835,7C0997954D1CAB2A,crimsme1,0x705f9db9bd4bd0a2d20f6955316f7f2aec561e73
836,5F12DD43D1C6648A,MongolGamer,0x0b0a6988ec213c055f2ca534702df305b3894cb7
837,5C2AB00D70684E82,ALINHHA,0x690beead5dd9bc256345a860eef52fe27b60dc3c
838,56EE3BEC0F521F58,Ashz,0x2c8d6af483373a0939dc294a7074abb114e7347b
839,27EEF1AB8B143383,Goynoinarak,0xc31b8c056f2e33dfe360b412dc62920cd8a09aaa
840,F7E79335CF5555CA,MEGAKK,0xedd47ab50986348085071a722f2de31285966cc2
841,F760F82C9DC369A1,Lionar,0xeb5c0dc1172495bea936e329563b85c15f6ab5f7
842,ED7558F1661C0801,xBlackBeard,0x719b776f55fd6265da512ec8c5fc5f506c844b0a
843,DB252D83A2D7D3E0,Itsyahp4pi,0x3427b431ca793bcce2c49ba5749a8022ba4397e2
844,DA5371751D69BEEA,Cu1,0x120cecc2fb830bcdd8488b1e0fa9a04553b85552
845,B7A40C954214BDE2,NGOCSEA,0xd7884a3b48b45986967a6f579c089852de570218
846,B76E062603CFB440,GOMO,0x4330119e0a13512d9ca35b2da4b9ba8f45d6876a
847,595870105598F1BC,Player998877,0x410ad0ee7c99c0e46fda805fb81d3c51cd8205a4
848,4BCF66D9E2D90D5E,Ksport,0x7e56a9a0abee2d456ce77e2316c9435c078c07b4
849,4676800CA1E1C720,Minhho,0xdf5585136517942fc4703f170caa545b30a9687c
850,3215E58C30AA342F,WIM,0xdd6784d26ae12939f134d914953b513ed1d8a75f
851,2C8469CE0BC66F56,Hellfern0,0x2e1faab9529a6719dd152850bbc6e81a131b394b
852,19F8D872DC67C7F1,ollokuni,0x4457fbca40d84160cf016d47974f5a4bae025a87
853,543B215482CA7C2,ONTOP.KUTOWA,0xbb60dc24f0a2adfc11f20bc1d32818b39121bd81
854,F576414F1970E074,vanthuc,0xcd193c584e7944d8b7a105422e3b8dda58168306
855,D19FEDE9C9C93998,MandrakeGG,0x521e807a998507cb1e2cec4744a9d4bc3bbea610
856,D031022EAA481DA7,BenDowered,0x8aee3381ef5d89d181114ed57e8f04d59bb4a2c4
857,CC2931285F50F180,ppppp7942,0x2e13580a21fd7fed9bab89761a637dd63245a4d5
858,A664C2FAA6E57238,thaii1,0x21d4b2744102b9387e2eef12f817d1f915826449
859,9DE8BA4665045EFE,eyjey,0xf69292416d94867f8045a790f78a37ae7a68cfae
860,24C285AAA037AFD3,TieuDuy,0xf30f761b55797a9e1750087ff0cf74df4668c3d2
861,1B045D64C867AA36,_Anthony_,0x3c284a074afe106adbc1b6eeea1c15983eafdc47
862,120592D290C7A261,TGODz,0xe70b7470b1c268e000fa1c538db11691a51b254e
863,EC149AF713AB7146,Damogran,0x104ba5ac0f11fa82bfca1cb978ec704192af753a
864,D79401DEBAC41AA0,LordKarnn,0x61feefa9df5ccef5fab81358b8d51c71eeea361d
865,CD9AF2CC8D8B8FD4,Tester_top99,0x42d7ab423ab72ca80b4492dd8b39116b543a5153
866,90A3485ED0E9A26D,jnmais,0x7562d78195aaf0e6e5c6b16ba46587ac758f2dfb
867,77CC5018712A0885,SmithWinter,0x2b3e1b469d8042ddfdd5fcad701f84c14aaeb746
868,34A340DC8D3DD7E2,FREE4883,0x1e107c77413f76c37e2679c43cfbf69a197ae7f1
869,DADFEC85C6EBFFF4,Chipzy!,0xa62cf52544064a248949516572c0a4683b8bab0c
870,980A1D9EB479B3E1,QuangDuy,0x130129dd0cc3298090d716c6302a7776be7b7578
871,80725CDB4F09D09A,Ksmith,0xd9d771f679fb46b21e2a27a7cf9b6b389d523bb2
872,7CEC5A3C254889E7,Marcusagf,0x66af73bb8af3ea8fbccb2857295a61efb6166a3d
873,66FD40AC33C685F9,Liselia,0x84d1eff1b19d974bff42b93c1db623dfc1e6c864
874,65198F16F5028DA2,Garfield.,0x6065d5937040e97bb55839ecaf9f16db2c7ddecc
875,4FE6A7BA0F5726D,Nuppoil,0x78a276a55c268a7a92e728774010586e9e2e2866
876,CD34D87412115794,HaiVuHP,0xa9c1d6abb473c0b88a4aeb2abda741727322ee37
877,C499E3395046631E,SAX1993,0x1d9cf523a739a559d6f300d919facfb5894dfee6
878,BC219F43C7CBA604,Solar,0x2d94295b8db1ae60aac9673090c8b39304c1ead5
879,7E28A1EF39756E5D,C_u-V�ng,0x4a8a7b1519781a050746123f361bf2cc3ba56935
880,628E3408F21EF785,ShjvaXlX,0x80aa529f57dc260e6132ea1744bec0abaf6ed040
881,A39AD18B05FD1B42,TUANPRO,0x8bb3fff88d53971010ca608a05a11249ec12b3b3
882,97D6B75F9861338F,JiewVII,0xeab4a9412adfaef46314a40ce3bead92e80c2f4f
883,8B9CE8EAE81BFF17,DKK_love_HE,0x9f81a0afbee4c49d59df5155e0ad53ae2e91260e
884,41B1B66987F65789,Loki,0xf32e06cd23f571eab67fc75cf76a76fbb853aa37
885,27702251FC0973CC,256,0x2c3ce302fbe5ae95e3b558de7ef4d7550e73c629
886,1846A18F92E0BCE7,GiorgioB,0x893f3a39b34dcc76bd8581935c6206a02f39d708
887,F1273D46759AA92A,lengenbroly,0x2557a759a0dafca8f03a56a3127a77c96b003296
888,C13364BE97E21B88,hoanglele,0x8cb249b52030c7f3f15350f8eabf699ba2bd3189
889,BF7A0965939F0439,TarrasGod,0x719eafcdb41b0c4eac82e39d743fad18d44c38c0
890,14C8EB61EC1D43C6,ABCXYZ,0xc3ee3af92ca9d2355368eb161d7db89dbff32095
891,BC78EA20A45372C7,xplay1,0x0954e70393be3555100b28d96f823e5abcc353c9
892,536CA3DCE760E65E,jpks98,0x59c1a25ffec21120ecd24f86be7ca262a1fd6b89
893,13F212D779C8EEC6,arthemc,0x0a448b8726a6cac2b6b63511e3e8b458e6aef34e
894,FF2742D4D1A3B972,caiqq,0xd93db5088cea67d9afe89d9f69e0b63d15612221
895,DD83F1394B1AD17C,MariusP099,0x0b2c05bbd4951487568247f42695db8312e62133
896,C93EAC906EF2BB18,ONTOP.KAKA,0x722fc6a642b0758716732f1263465efbde11e2b3
897,8E6851D7068BBCFB,ShiryuuVN,0xf6ca4a342ba0c579e9968bace0aa94b348bfedb0
898,880065CFE9742F1C,DucThanh,0xbc809244936f595b4cfaf043e97fd5480d6bce28
899,F9DAF7180080E42A,HungLyf,0x9edc79d5fe95f7aeea6b92d6f70692caf020b264
900,E2FC22100C3E8272,AraiWa,0x7a93fc5d95927c707490900cf05e830e7eefabbf
901,81588863539CB73E,SonTruong,0x2a5a95fd92654e9ebb0957e4e8d21d9425466b08
902,17BAB284913A0EB0,Zil2eN1,0x1ba2406d061b61671ae36015c1749d57a18dc2dc
903,F4EEF9E11F63E5DD,Lapero,0x5ff7f9ce980676890d5b29d036fa14d65388f84d
904,BD5135594CE6FC91,OPMSS,0x180e7041f8051c8b46b77100cdc6e3d2700b38ed
905,98F8D324A2F3C4D1,bmchim,0xb1923f24ea91b0943eadb83df7c67383957f48f0
906,43B6F55B3713E1CA,Rev,0x9eb35bd84aa369dd3958714b1f66d4d1404c8648
907,279E6EF03C43F355,tuajaktam1,0xe913e6bcc4bb1b58ccab7478fe6388459011a08e
908,A56DE482356C040D,aud04,0x6de403fde8a0f553b626668e29154ba517555a61
909,82F465C34526CEA0,_______,0x047680bef18fba2c1aedbf7b8fdd31a29a11b3fc
910,5EF16D9B0E463AAE,Lívia,0x0fffc10fe2b62e8f94be7a2fcd2092028508cd2c
911,471C4DC3A81398E5,Tomnyan2,0xe0185ee4ded6666387022d81a53e141505390a8c
912,46B536C30115F30E,1TonySoprano,0xc9053c367970980b4f09745244dac6b3b336f493
913,42DCE58BB4182F13,ErrolDM,0x1818894805003a48458c481adc26da635d08a7f1
914,13058A00E119A1D5,Orfeubr,0x0cca41e01a08bb4739fea47fa01f717118f84a83
915,797C4B471612FE8E,Namezz,0x10297eb6dd09ad2d8e671261d50e658a6b4ab5bf
916,731BA5177BC4CA9B,TAGTAR99,0x76109fc47a6b81fba95052d02aa4e27d9552fcdd
917,12DAB1AF436F6304,BaoDuy,0xab123173269b2d12b15297940543c63edccfabb0
918,44F4D90B6C4E79C,hoan4d,0xa1a1d5f3307a7e056d15240d0e61b1a9cba919a5
919,F1D12C8BFA3418E6,Dinhh,0x95f015cf42183ce4f24b5bab8387eb9616da69d4
920,F00A6C31D10A273E,XTr,0xca8e98c4aad195e071e10a8b19ca6c227e10ad5d
921,BADC98ABE87A7758,Raikn,0x524c8a381c2ec13e502c895b1ced5198dca4bf5d
922,B1AF6EA37855622A,YueHann,0xa11707da054d7fdafc9093999c7c9e4a6735941c
923,8F416CBE9882FAF1,cate2,0x5fc5fa0a4de088bd1bda922314c20bef6c646ab3
924,7054D3CBEEF07029,Indigo,0xda966d75f92fff39ec729b63310fded74c923c11
925,564A3D0FF9B91843,Lofer,0xf302a7d2a43f92b56db2ef6869e725f65628fe1f
926,4B970E485B3111A9,WILLIAM_M,0x000f8f895818574c6aa675d6ee6f77b23835ea4e
927,7EF5C3790A94953,mAgaretGODV1,0xbe9af24bf2b7179151967d44c9eca1772f06c98c
928,CDE2EE77A5AB66B1,DominionZ,0xb0b9e6bd0dc85f7629a813c493263b498a15bd42
929,A37C8F18F34E8BE6,______,0x92f1e8e25b101572d0de652fa612b392980e6457
930,671E93D9CCEA9ED7,BoyPro.8x,0x45872982ff10c59bb3e0f98024fff4a3474bda15
931,5D267ED0ED1C8206,HunterTv,0x877a2d1291caa4f265626d19a3139241383729f2
932,46F3091FA8F63720,ShadowTats,0x478e68f5b0fa24feb34be8bc56e8d21efd330eb0
933,4343668966FAC2B0,Eisenheim69,0x82264bdbbc6b5e2a372b6ca917cc8b3011e5f474
934,1E8BA8CEB136B2F4,Ngunn,0x67850db1806f1dcdc345c839828e3b73bd73dbef
935,F6DDCCBF2330F32D,NguyenDuc92,0x50ae76632de90ba307207902e37bd2dd144a9268
936,D2E6496C707AE042,TNT19,0xe48017f0c144dad4425e44147440a425aa814562
937,B285EED2FEAA7D85,CryptoUp,0x63e27fd26dd5df836a68086b209022182e95dde1
938,A6AD42EF0FE7DC1D,LUEUEU,0x90a148f274e0f12c0f92e6d190b91be213c9ce17
939,9163A1B2E12E0D8C,kaka151,0xf6d404249b0eba60a73fa9c3fa14e9442f0ee7a5
940,7D934ECE6289AB3D,TaoLaStorms,0x695e1d822fd773826021e3b988a08fbe9c4c0ac4
941,3AB278BFBFFF176B,Thevich,0xcf587bc4e5ba03b6b88b51f7a75b5981fef0b320
942,263183B2356DD28E,God*,0x3862ca8ebaaaab26dca2edf7b5e46217f35e8ce3
943,2304DA63388F1B14,gggwwe,0xb405a87a04e9857c934343adca86ef3de6ba4a53
944,FBED54A0372AEF8E,SpiralWeb,0x49ba63189d5fed5202c9558cfcec4ea637132637
945,DA4D34409596B4BD,Chou01,0x8c2101c03b43b62d32b9d25bf44453c5db938b3b
946,C8324C404FC93324,100th.QSan,0x6aee6da008fa72dde9066448db517b9151c330a7
947,6399A2808C95FA32,YoYoNtt,0x5930f4477cb37301fef3e9a0f3a10af02a06f9d6
948,702DA0B9136F4AA,MadchcTH,0x1ed45f26b0d935cecce56c15b306ab66f4572374
949,262D9BBF3BB552,mapz,0x9e89d02368d344cfe6fec2aed1f10f8e5e958dd1
950,FC56A29B16860E20,Moenbase,0x8a9fd844af0e54df217a0518d4e2525be290becf
951,F9CA40D57C3D01D9,tigerforce,0xf3b66ca2514665de5d7a61c11c8df77ed486da65
952,EBA1BA4EB5579EAD,M1gs,0x0614473c6943fa020b3e8de3f96c24614e64ecb5
953,D26663035A9B38B7,MrD_ngKa,0xbc450f8fa6d5885c2169e6cef7ed1ec914a7a144
954,A5B084520EDFF26F,Ginza69,0x0d6f406c9c26a016f9c6af9980c40b0d87ca4230
955,A48499736617F502,NewBoy,0x95578391f513cf433a0a69a4fcf630546b80ab2e
956,8B1A8BCB6FA1DEB7,MajorOrig,0xfc5e3a64c047f7ee7a5f76e4aad252284719b154
957,7FD2CDF7C5588F0B,Achiles,0x858ea6768390ad640ca48628d8ba7a40e3d2a23f
958,4DCA6B3092FEDBFA,Jason_L_u,0x60831eb420e3ec1412bdb860ac4d50783868317b
959,3C54FEB30D7204FB,Jarae,0x6213f103f2c6bbc2034ac178268d58015e9ea366
960,3753A7FC6913D402,DauDax,0x4fa53c5cc83b8e966d61b29922686b299836ae3a
961,1775FEE117197146,Tchendmam,0x29c6ca4e05aaf7e22a06cdcf7994e6a5ee7b08a6
962,54EDDCC51447524,Realkey,0xc7f5c9b38c91dd6bbd768c6894a8298fc8f7d992
963,E9989F0813858809,ZKLegend,0x2977f7273b8030679f054f960d258ca4df0da17f
964,E94EF574B7D614FD,SHIz,0x4c72a25b8d4de8e0dfbe9c87cd7dcd950df0f17b
965,B9ADCDD8AC25E209,Raveny,0x13af7a4f0489a61ee82a8ded3eaeb277ed93c9d2
966,A01941BCF6A0C913,MrKO82,0x885f01790ab4f310124ec226b37ad0b8a98fd555
967,9E1B9C1A5E959F4F,Vin.Cab96,0xf970ab5f4ca962b7751600ef518c96f53532611a
968,6AB6BB5F4EF435AF,Pixie,0xf9f1c0e311d469fa2bf4f1f8197babf893b9f01f
969,614CA4F4459F4EAD,2222,0x52637db29a86eddd856c3aaa5d449911f72bc8fe
970,148CB81FBD796A13,pim,0x8a5233ef9f0bea881c0904dccf4d7882d8528deb
971,FB6B6090BC0E2751,sarmyedd,0xff8d4a4bbdb1b719e7287cd8028e170c57e0bef3
972,F9A2CFF1840EDED5,halenz,0x43d2b683a744741c0899c9aab86f350d0c16d3d4
973,E0BC9B12D2DB284D,conMeo,0x23ffb39572f09bc910bdf33bc4596c4c7522d3f8
974,BF23FC8DFA884CF0,TENSHTERU,0x308d826a4f1defe825a9a18d25a3e3353ad84497
975,ABA795BDEA1260BF,Rayleigh,0x57f646a2be335df73a4d012ec0b573be00bcd4e0
976,26ABD4210DD3436F,ankazu,0x7c0ca44356a589bc5cbca7e74ad0ff380b361b33
977,E5DBE27EAEF62475,Thunder,0x61abb29393705bbffc90da02d5e58f313f4907be
978,C179D6003AE207B6,NhatPham1489,0xaf3f1c4da88f8a9c1c2073eb49c506eccad5f4d8
979,AB3193BBBA577113,Fire_Fox,0xd00fa1d7e4d1139ed808606589386c88117c48d8
980,9E095D66759E09F4,Wannaten,0x462c234d399a84f62e102bc745fd93f649e36cff
981,699454DB06539189,TamLe1985,0xffcdcc6a7f343ea8f3d86b599de8c2c7aec737ce
982,618C59B69781C2C6,TheJoshua,0x41b6471dcd61884f52489ef552fdd0c73f038811
983,22593C98AE11BE6,Cleptiin,0xb53d6f4af9a4f6d528af015946806ae8a8a7bd1a
984,85F8CC38B7E491B5,Herosloree,0x99b68bcee6deec8f8e0eaf33e7f7809f5525767b
985,85316D245E57937D,Hieuthunhat,0x70350e9095747cec362e4ea5d5c9a77b13a921c5
986,E99F970A6754D321,Am_Not_Cheat,0xdcef59ccd7e6fbf1474f44d4ce98846f47eae330
987,6E815A25088C87D1,Leleivas,0x930f9507a26cbcc92036db5405daa83443dc8b5e
988,405C5C0D4391EE1C,SonLy,0xc079aabe6eae153fdd3d02894bfd623db1e7f03f
989,40555D67318EEAE,Mew,0x3c34b5d889914f016e239bf439eb67ba90639778
990,9C8444BA8775C0FD,Tanten|UNIX,0x2eaf73813362038d470501a5bae59b9460f43209
991,F6D0F525F70BAE3F,HAISENOO,0x31daa8f891814ec73ab3cede58d349a3e4a958bf
992,ECAC788B62B58508,Cancelation,0x5ef4c7b060305c47cfde4a1585e13f7a118da998
993,A3AD33EFC31F04CC,SpectreHex2,0x9ae5c6b4e10a3f81cab0f436ebedc12ffec37c43
994,8CBBD0C7C5FCE00E,MIDWAY,0xa0a9fc355371083aeb5109aed89f3fda6d6387f3
995,20DE558DB6F604AD,Poipoialon,0x7d3326d6a212c0fe3278588e4084f2bf8ffbf5fb
996,1C13011DC1DCFD37,Gwen,0x078c450c42b374a66c4963810127b5c18be1ed0d
997,B06E43A2F61D5B43,heoheoheo,0xe92fd6cd16ae1474d06425ce62e64c493d04a3a3
998,89EED4816D6D4911,npp,0x6a98422ba99bedaa0ba5b6e1de2d424f9ad9869c
999,2942F9E664928ADF,wuwp,0x89445abc1d3089e22e5987168200027b8179d314
1000,21658D9145CDCC50,LucyTony,0x54884bfbca301ffd46abd45ce2899f23099094f7